"--Amasty_Gdpr---", ""
"Policies text", "Regulacje prawne"
"Read Privacy Policy", "Przeczytaj Politykę Prywatności"
"Read Cookie Policy", "Przeczytaj Politykę Cookies"
"Download personal data", "Pobierz dane osobowe"
"Here you can download a copy of your personal data which we store for your account in CSV format.", "Tutaj możesz pobrać kopię swoich danych osobowych, które przechowujemy na Twoim koncie, w formacie CSV."
"Merge into one file", "Połącz w jeden plik"
"Anonymise personal data", "Anonimizuj dane"
"By clicking ‘Agree and Proceed’ you agree that your personal data will be replaced with non-personal anonymous information. When you receive a new login email, your email address and all other personal data will be deleted from the website.", "Klikając ‘Zgadzam się i kontynuuję’, akceptujesz anonimizację swoich danych osobowych. Po otrzymaniu nowego e-maila logowania wszystkie Twoje dane zostaną usunięte z serwisu."
"I agree and I want to proceed", "Zgadzam się i chcę kontynuować"
"Agree and Proceed", "Akceptuję i kontynuuję"
"Given Consent", "Wyrażona zgoda"
"Here you can opt in or opt out from consents that were previously given.", "Tutaj możesz wyrazić lub wycofać wcześniej udzielone zgody."
"Changes has been saved.", "Zmiany zostały zapisane."

"---Amasty_GdprCookie, Amasty_GdprFrontendUi---", ""
"Cookie Bar", "Pasek Ciasteczek"
"Allow all", "Zezwól na wszystkie"
"Done", "Gotowe"
"Please select and accept your Cookies Group", "Proszę wybrać i zaakceptować grupę plików cookie"
"Cookie Group", "Grupa plików cookie"
"More Information", "Więcej informacji"
"Cookies Group Fieldset", "Zestaw pól grupy plików cookie"
"Cookie Name", "Nazwa ciasteczka"
"Cookie Provider", "Dostawca ciasteczka"
"Cookie Description", "Opis ciasteczka"
"Cookie Lifetime", "Czas życia ciasteczka"
"Cookie Type", "Typ ciasteczka"
"You saved your cookie settings!", "Twoje ustawienia ciasteczek zostały zapisane."
"Please select and accept your Cookies Group", "Proszę wybrać i zaakceptować grupę plików cookie."

"---Amasty_Shopby---", ""
"Show (%1) more", "Pokaż (%1) więcej"
"Show more", "Pokaż więcej"
"Less", "Mniej"
"On Sale", "Na wyprzedaży"
"&amp; up", "i więcej"
"%1 star & up","%1 gwiazdka i więcej"
"%1 stars & up","%1 gwiazdki i więcej"
"%1 stars","%1 gwiazdki"

"---Amasty_ShopbyBrand---", ""
"All Brands", "Wszystkie marki"

"---Amasty_SeoToolkitLite---", ""
"Page %1 - ", "Strona %1 - "

"---Amasty_AdvancedReview---", ""
"Delete","Usuń"
"Are you sure you want to delete this?","Czy na pewno chcesz to usunąć?"
"Save and Continue Edit","Zapisz i kontynuuj edycję"
"Save","Zapisz"
"Please update Amasty Base module. Re-upload it and replace all the files.","Proszę zaktualizować moduł Amasty Base. Prześlij go ponownie i zamień wszystkie pliki."
"Enable reviewpagebuilder module to activate PageBuilder and Advanced Reviews integration. Please, run the following command in the SSH: composer require amasty/advanced-reviews-page-builder","Włącz moduł reviewpagebuilder, aby aktywować integrację PageBuilder i Advanced Reviews. Proszę, uruchom następującą komendę w SSH: composer require amasty / advanced-reviews-page-builder"
"Enable advanced-review-graphql module to activate GraphQl and Advanced Review. Please, run the following command in the SSH: composer require amasty/advanced-review-graphql","Włącz moduł Advanced-review-graphql, aby aktywować GraphQl i Advanced Review. Proszę uruchomić następującą komendę w SSH: composer require amasty / advanced-review-graphql"
"%1 year(s) ago","%1 lat/a temu"
"%1 month(s) ago","%1 miesiące/cy temu"
"%1 day(s) ago","%1 dni temu"
"%1 hour(s) ago","%1 godzin/y temu"
"%1 minute(s) ago","%1 minut/y temu"
"%1 second(s) ago","%1 sekund/y temu"
"recently","niedawno"
"We can't change item right now. Please review the log and try again.","Nie możemy teraz zmienić elementu. Przejrzyj dziennik i spróbuj ponownie."
"A total of %1 record(s) have been changed.","Łącznie zmieniono %1 rekordy(ów)."
"No records have been changed.","Żadne rekordy nie zostały zmienione."
"Something went wrong","Coś poszło nie tak"
"You deleted the comment.","Usunąłeś komentarz."
"We can't find a comment to delete.","Nie możemy znaleźć komentarza do usunięcia."
"Edit Comment #%1 by %2","Edycja komentarza #%1 z %2"
"This comment no longer exists.","Ten komentarz już nie istnieje."
"Comments","Komentarze"
"We can't delete item right now. Please review the log and try again.","Nie możemy teraz usunąć elementu. Przejrzyj dziennik i spróbuj ponownie."
"A total of %1 record(s) have been deleted.","Łącznie usunięto %1 rekordy(ów)."
"No records have been deleted.","Żadne rekordy nie zostały usunięte.."
"Comment has been saved.","Komentarz został zapisany."
"The wrong item is specified.","Określono niewłaściwą pozycję."
"Review Reminder","Przypomnienie o recenzji"
"Reminder","Przypomnienie"
"A total of %1 email(s) have been sent.","W sumie wysłano %1 e-maili."
"No records have been sent.","Żadne rekordy nie zostały wysłane."
"Please fill test email in module configuration","Proszę wypełnić testowy email w konfiguracji modułu"
"A total of %1 email(s) have been sent to %2.","Łącznie %1 e-maili zostało wysłanych do %2."
"Please select review(s).","Wybierz recenzje."
"A total of %1 record(s) have been approved for All store views.","Łącznie zatwierdzono %1 rekordy(ów) dla wszystkich wyświetleń w sklepie."
"Something went wrong while updating these review(s).","Coś poszło nie tak podczas aktualizowania tych recenzji."
"Sorry. There is a problem with your Comment Request.","Wystąpił problem z Twoją prośbą o komentarz."
"You submitted your review for moderation.","Przesłałeś swoją recenzję do moderacji."
"Forbidden","Zakazane"
"Form key is not valid. Please try to reload the page.","Klucz formularza jest nieprawidłowy. Spróbuj ponownie załadować stronę."
"Your session was expired. Please refresh this page and try again.","Twoja sesja wygasła. Odśwież tę stronę i spróbuj ponownie."
"%1 is a required field.","%1 jest wymaganym polem."
"Sorry. There is a problem with your Vote Request.","Wystąpił problem z Twoją prośbą o głosowanie."
"Success.","Sukces."
"You have been unsubscribed from comment messages.","Zostałeś wypisany z komentarzy."
"Something went wrong while unsubscribing you.","Podczas anulowania subskrypcji coś poszło nie tak."
"You unsubscribed.","Wypisałeś się."
"Verified Buyer","Zweryfikowany kupujący"
"I recommend this product","Polecam ten produkt"
"with %1 stars | ","z %1 gwiazdkami | "
"Show All","Pokaż wszystko"
"Advanced Product Reviews Coupon for %1","Zaawansowany kupon recenzji produktów dla %1"
"It will take only a few minutes, just click the 'Leave a review' button below.<br>To make the process more pleasant we are happy to grant you a discount coupon code, which can already be used for your next purchase. Here it is: %1 (%2).","Zajmie to tylko kilka minut, po prostu kliknij przycisk „Zostaw recenzję” poniżej. <br> Aby uczynić ten proces przyjemniejszym, z przyjemnością przyznajemy Ci kod kuponu rabatowego, który można już wykorzystać przy następnym zakupie. Oto ona: %1 (%2)."
"It will take only a few minutes, just click the 'Leave a review' button below.","Zajmie to tylko kilka minut, po prostu kliknij przycisk „Zostaw opinię” poniżej."
"It will take only a few minutes, just click the 'Leave a review' button below. And please kindly keep in mind, that you will receive a discount coupon after your review is approved.","Zajmie to tylko kilka minut, po prostu kliknij przycisk „Zostaw opinię” poniżej. Pamiętaj też, że po zatwierdzeniu recenzji otrzymasz kupon rabatowy."
"please kindly keep in mind that it will expire in %1 days","pamiętaj, że wygaśnie za %1 dni"
"please keep in mind that it expires today","pamiętaj, że wygasa dzisiaj"
"\r\nError when deleting rule #%s : %s","\r\nBłąd podczas usuwania reguły #%s : %s"
"Advanced Product Reviews Coupon for %","Zaawansowany kupon recenzji produktów dla %"
"We can`t find reminder data to send email","Nie możemy znaleźć danych przypomnienia do wysłania e-maila"
"Waiting for Sending","Czekam na wysłanie"
"Sent Successfully","Wysłano pomyślnie"
"Sending Failed","Wysyłanie nie powiodło się"
"Canceled","Anulowany"
"Email was not sent. Customer was unsubscribed.","Email nie został wysłany. Klient zrezygnował z subskrypcji."
"Email was not sent. Customer belongs to Customer Group disabled in Review Reminder settings.","Email nie został wysłany. Klient należy do grupy klientów wyłączonej w ustawieniach przypomnienia o recenzji."
"Recent","Niedawne"
"Random","Losowe"
"Unable to save comment with ID %1. Error: %2","Nie można zapisać komentarza z identyfikatorem %1. Błądr: %2"
"Unable to save new comment. Error: %1","Nie można zapisać nowego komentarza. Błąd: %1"
"Comment with specified ID ""%1"" not found.","Comment with specified ID ""%1"" not found."
"Unable to remove comment with ID %1. Error: %2","Unable to remove comment with ID %1. Error: %2"
"Unable to remove comment. Error: %1","Unable to remove comment. Error: %1"
"Unable to save image with ID %1. Error: %2","Unable to save image with ID %1. Error: %2"
"Unable to save new image. Error: %1","Unable to save new image. Error: %1"
"Rule with specified ID ""%1"" not found.","Rule with specified ID ""%1"" not found."
"Unable to remove image with ID %1. Error: %2","Unable to remove image with ID %1. Error: %2"
"Unable to remove image. Error: %1","Unable to remove image. Error: %1"
"Unable to save reminder item with ID %1. Error: %2","Unable to save reminder item with ID %1. Error: %2"
"Unable to save new reminder item. Error: %1","Unable to save new reminder item. Error: %1"
"Reminder item with specified ID ""%1"" not found.","Reminder item with specified ID ""%1"" not found."
"Unable to remove reminder item with ID %1. Error: %2","Unable to remove reminder item with ID %1. Error: %2"
"Unable to remove reminder item. Error: %1","Unable to remove reminder item. Error: %1"
"Unable to save unsubscribe with ID %1. Error: %2","Unable to save unsubscribe with ID %1. Error: %2"
"Unable to save new unsubscribe. Error: %1","Unable to save new unsubscribe. Error: %1"
"Unsubscribe with specified ID ""%1"" not found.","Unsubscribe with specified ID ""%1"" not found."
"Unable to remove unsubscribe with ID %1. Error: %2","Unable to remove unsubscribe with ID %1. Error: %2"
"Unable to remove unsubscribe. Error: %1","Unable to remove unsubscribe. Error: %1"
"Unable to save vote with ID %1. Error: %2","Unable to save vote with ID %1. Error: %2"
"Unable to save new vote. Error: %1","Unable to save new vote. Error: %1"
"Vote with specified ID ""%1"" not found.","Vote with specified ID ""%1"" not found."
"Unable to remove vote with ID %1. Error: %2","Unable to remove vote with ID %1. Error: %2"
"Unable to remove vote. Error: %1","Unable to remove vote. Error: %1"
"%1 (Default)","%1(Domyślny)"
"No","Nie"
"Yes (Instantly)","Tak (natychmiast)"
"Yes (Daily)","Tak (codziennie)"
"Pending","W oczekiwaniu"
"Approved","Zatwierdzony"
"Rejected","Odrzucony"
"Percent of product price discount","Procent rabatu na cenę produktu"
"Fixed amount discount","Rabat kwotowy"
"Fixed amount discount for whole cart","Rabat kwotowy na cały koszyk"
"Verified Buyers","Zweryfikowani kupujący"
"Recommended","Rekomendowany"
"With images","Z obrazami"
"Once per product","Raz na produkt"
"Once per customer","Raz na klienta"
"Once per order","Raz na zamówienie"
"Not Logged In","Nie zalogowany"
"Yes","Tak"
"Date","Data"
"Rating","Ocena"
"Helpfulness","Przydatność"
"Review Grid Template","Review Grid Template"
"Products Images and Names Template (vert.)","Szablon zdjęć i nazw produktów (wer.)"
"Use Default Config","Użyj domyślnej konfiguracji"
"Admin Answer Section","Sekcja odpowiedzi administratora"
"Answer","Odpowiedź"
"Send to Customer","Wyślij do klienta"
"Show Admin's Comment in Customer Account Only","Pokaż komentarz administratora tylko na koncie klienta"
"Customer Images","Obrazy klientów"
"Add new images","Dodaj nowe obrazy"
"A client who already purchased the product.","Klient, który już kupił produkt."
"Advantages","Zalety"
"like_about","like_about"
"Disadvantages","Wady"
"not_like_about","not_like_about"
"%1 people found this helpful; %2 found this unhelpful.","%1 osób uznało to za pomocne; %2 osób uznało to za nieprzydatne."
"people found this helpful", "osób uznało to za pomocne"
"Approve for All Store Views","Zatwierdź dla wszystkich widoków w sklepie"
"Are you sure?","Jesteś pewny?"
"Add your photo","Dodaj swoje zdjęcie"
"GDPR","RODO"
"Email Address","Adres e-mail"
"Please agree to the Privacy Policy","Zaakceptuj Politykę prywatności"
"Please enter review images.","Wprowadź obrazy recenzji."
"An error occurred while uploading image.","Wystąpił błąd podczas przesyłania obrazu."
"please kindly keep in mind that it will expire in 5 days","pamiętaj, że wygaśnie za 5 dni"
"Review image","Obraz recenzji"
"Remove image","Usuń obraz"
"Remove","Usuń"
"Sorting Order","Kolejność sortowania"
"Drag and drop sorting options in the order you want them to appear for the customers.","Przeciągnij i upuść opcje sortowania w kolejności, w jakiej mają być wyświetlane klientom."
"First option will be automatically considered as default.","Pierwsza opcja zostanie automatycznie uznana za domyślną."
"Leave a review","Zostaw recenzję"
"Author: ","Autor: "
"Title: ","Tytuł: "
"Review: ","Opinia: "
"View","Widok"
"Showing","Wyświetlone: "
"comments","komentarze"
"Leave your comment","Zostaw swój komentarz"
"Nickname*","Pseudonim*"
"Email*","E-mail*"
"Comment*","Komentarz*"
"Talk about why you like this review, or ask a question.","Opowiedz, dlaczego podoba Ci się ta recenzja, lub zadaj pytanie."
"Add Comment","Dodaj komentarz"
"Response from Store","Odpowiedź ze sklepu"
"Was this review helpful?","Czy recenzja była pomocna?"
"%1 people found this helpful","%1 oceniający(ch) uznało to za pomocne"
"people found this helpful","oceniający(ch) uznało to za pomocne"
"Customer Reviews","Opinie klientów"
"Write a review","Napisz recenzję"
"Share your thoughts with other customers","Podziel się swoją opinią z innymi klientami"
"Top customer reviews","Najlepsze recenzje klientów"
"%1 stars","%1 gwiazdki"
"%1 stars ","%1 gwiazdek"
"%1 star","%1 gwiazdka"
"Response from store","Odpowiedź ze sklepu"
"Reply","Odpowiedź"
"No reviews","Brak recenzji"
"Sort By","Sortuj wg"
"Set Ascending Direction","Ustaw kierunek rosnący"
"Set Descending Direction","Ustaw kierunek malejący"
"reviews","opinie"
"More info","Więcej informacji"
"of customers recommend this product","klientów poleca ten produkt"
" star"," gwiazdka"
" stars"," gwiazdki"
" stars "," gwiazdek"
"Previous","Poprzednia"
"Next","Następna"
"See All Reviews","Zobacz wszystkie recenzje"
"Review Now","Oceń teraz"
"Review by ","Oceniony przez "
"See all reviews","Zobacz wszystkie recenzje"
"Email alert for new reviews","Powiadomienie e-mail o nowych recenzjach"
"Hello,","Witaj,"
"This is an automatic notification about new review(s) made. ","To jest automatyczne powiadomienie o dokonanych nowych recenzjach. "
"Reviews:","Opinie:"
"Thank you!","Dziękuję!"
"Hello","Witaj"
"You have a new comment on your product review ","Masz nowy komentarz do recenzji produktu "
"Your review:","Twoja opinia:"
"Comment:","Komentarz:"
"Best Regards","Z poważaniem"
"Team","Zespół"
"Do not receive similar emails","Nie otrzymuj podobnych e-maili"
"Thank you for the feedback left! We’d love to inform you that the review was approved successfully.","Dziękujemy za pozostawioną opinię! Z przyjemnością informujemy, że recenzja została pomyślnie zatwierdzona."
"Here is the promised coupon code: ","Oto obiecany kod kuponu: "
"This discount coupon can be used for your next purchase with us (","Ten kupon rabatowy można wykorzystać przy następnym zakupie u nas ("
"Hope to see you soon!","Mamy nadzieję, że zobaczymy się wkrótce!"
"You have a new response on your product review","Masz nową odpowiedź w sprawie recenzji produktu"
"Admin answer:","Odpowiedź administratora:"
"Thank you for your recent purchase with ","Dziękujemy za ostatni zakup w sklepie "
"We’d love to know your thoughts on the product(s) you've bought! So please share your unique experience with other shoppers.","Chętnie poznamy Twoją opinię na temat kupionych przez Ciebie produktów! Podziel się więc swoim wyjątkowym doświadczeniem z innymi kupującymi."
"We really appreciate your feedback and hope to see you soon!","Doceniamy Twoją opinię i mamy nadzieję, że wkrótce się zobaczymy!"
"Show more","Pokaż więcej"
"Show less","Pokaż mniej"
"Amasty Advanced Review Reminder","Amasty Advanced Review Reminder"
"Amasty Advanced Review Comments","Amasty Advanced Review Comments"
"Review Comments","Komentarze do recenzji"
"Advanced Reviews","Recenzje zaawansowane"
"Information","Informacje"
"General settings","Ustawienia główne"
"Enable 'Helpful' Control","Włącz opcję 'Pomocne' opinie"
"Set 'Yes' to allow people specify if they found the review helpful or unhelpful.","Ustaw „Tak”, aby umożliwić użytkownikom określenie, czy opinia była dla nich pomocna, czy nieprzydatna."
"Enable `I recommend this product`","Włącz opcję `Polecam ten produkt`"
"Set 'Yes' to allow buyers check `I recommend this product` checkbox and show this recommendation in review.","Ustaw `Tak`, aby kupujący mogli zaznaczyć pole wyboru `Polecam ten produkt` i pokazać tę rekomendację w recenzji."
"Enable Pros and Cons","Włącz zalety i wady"
"Set 'Yes' to allow buyers to add product advantages and disadvantages.","Ustaw 'Tak', aby kupujący mogli dodawać zalety i wady produktu."
"Allow Admin to Comment on Review","Zezwalaj administratorowi na komentowanie recenzji"
"Set ‘Yes’ to display admin’s replies only for the customer under My Product Reviews tab","Ustaw ’Tak’, aby odpowiedzi administratora były wyświetlane tylko dla klienta na karcie Moje recenzje produktów"
"Allow Guests to Submit Review","Zezwalaj gościom na przesyłanie recenzji"
"Set 'No' to allow only logged in users to leave a review.","Ustaw 'Nie', aby pozwolić tylko zalogowanym użytkownikom na pozostawienie recenzji."
"Show 'Email' Field for Guests","Pokaż pole 'E-mail' dla gości"
"Set' Yes' to enable email field for guest to contact them later","Ustaw 'Tak', aby włączyć pole e-mail dla gości, aby mogli się z nimi później skontaktować"
"Enabled GDPR Consent","Włącz zgodę na RODO"
"Сonsent Text","Tekst zgody"
"Enable Sorting By","Włącz sortowanie według"
"Press CTRL+mouse to select multiple values.","Naciśnij klawisz CTRL + mysz, aby wybrać wiele wartości."
"Enable Filtering By","Włącz filtrowanie według"
"Reviews per Page","Recenzji na stronę"
"Images","Zdjęcia"
"Allow Users to Upload Images","Zezwól użytkownikom na przesyłanie obrazów"
"Image Field is Required","Pole obrazu jest wymagane"
"Review Image Width","Szerokość obrazu w recenzji"
"Images to Show","Obrazy do pokazania"
"If image number exceeds this limit, a line of images turns into a slider. Mobile version has slider enabled by default. Set to 0 disable slider on both mobile and desktop.","Jeśli liczba obrazów przekracza ten limit, linia obrazów zmienia się w suwak. Wersja mobilna ma domyślnie włączony suwak. Ustaw na 0 suwak wyłączania na urządzeniach mobilnych i komputerach."
"Review Commenting","Komentarze recenzji"
"Enable","Włączone"
"Set 'Yes' to allow your customers comment on already approved reviews.","Ustaw 'Tak', aby umożliwić klientom komentowanie już zatwierdzonych recenzji."
"Allow Guests to Comment on Review","Pozwól gościom komentować opinie"
"Set 'No' to allow only logged in users to leave a comment.","Ustaw 'Nie', aby tylko zalogowani użytkownicy mogli zostawić komentarz."
"Automatically Approve Comments","Automatycznie zatwierdzaj komentarze"
"Set 'No' to approve each comment manually from admin panel.","Ustaw 'Nie', aby zatwierdzać każdy komentarz ręcznie z panelu administratora."
"Email Sender","Nadawca e-mailar"
"Email Template","Szablon Email"
"Notify Customer about Admin Reply","Powiadom klienta o odpowiedzi administratora"
"Enable Review Reminder","Włącz przypomnienie o recenzji"
"Order Status","Status zamówienia"
"Please specify the Order Status for Review Reminder to be sent after. It will work based on Order Creation Date If the Order Status is not specified.","Określ status zamówienia, aby przypomnienie o przeglądzie zostało wysłane później. Będzie działać w oparciu o datę utworzenia zamówienia, jeśli nie określono statusu zamówienia."
"Disable for Customer Group","Wyłącz dla grupy klientów"
"Customers from selected Customer Groups won’t receive the reminder.","Klienci z wybranych grup klientów nie otrzymają przypomnienia."
"Send Reminders","Wyślij przypomnienia"
"Admin is able to send Reminder Emails manually from Review Reminder grid without limit","Administrator może ręcznie wysyłać wiadomości e-mail z przypomnieniami z siatki przypomnienia o recenzji bez ograniczeń"
"Send Reminder Email after, Day(s)","Wyślij wiadomość e-mail z przypomnieniem po, dniach"
"Test Email","E-mail testowy"
"Send BCC of Reminders to","Wyślij UDW przypomnień do"
"Comma-separated Emails, no spaces","E-maile oddzielone przecinkami, bez spacji"
"Discount Coupons","Kupony zniżkowe"
"Enabled","Włączone"
"Publish Review to Activate Coupon","Opublikuj recenzję, aby aktywować kupon"
"Allow to use coupon code only after review is published and approved.","Zezwalaj na użycie kodu kuponu dopiero po opublikowaniu i zatwierdzeniu recenzji."
"Discount Type","Typ rabatu"
"Discount Amount","Kwota rabatu"
"Expire Coupon in (days)","Wygaś kupon za (dni)"
"Note: if set to 0, coupon can be used only ‘today’ (i.e., the day of coupon receipt).","Uwaga: jeśli ustawione na 0, kuponu można użyć tylko „dzisiaj” (tj. W dniu otrzymania kuponu)."
"Coupon Uses","Wykorzystanie kuponu"
"Note: if set to 0, the coupon can be used unlimited amount of times.","Uwaga: jeśli jest ustawiony na 0, kupon można wykorzystać nieograniczoną liczbę razy."
"Uses per Customer","Zastosowania na klienta"
"Usage limit enforced for logged in customers only.","Limit użycia wymuszony tylko dla zalogowanych klientów."
"Apply for Customer Group Only","Złóż wniosek tylko dla grupy klientów"
"The setting covers only coupon application. Generated coupon will be sent to all customer groups, but only chosen customer groups will be able to apply it. Please kindly keep that in mind and modify the email template in accordance to the setting configuration to avoid customers' confusion.","To ustawienie obejmuje tylko wniosek o kupon. Wygenerowany kupon zostanie wysłany do wszystkich grup klientów, ale tylko wybrane grupy klientów będą mogły go zastosować. Należy o tym pamiętać i zmodyfikować szablon wiadomości e-mail zgodnie z konfiguracją ustawień, aby uniknąć dezorientacji klientów."
"Min Order Amount","Minimalna kwota zamówienia"
"Admin Notifications","Powiadomienia administratora"
"Send Email Reports for New Reviews","Wysyłaj raporty e-mailem o nowych recenzjach"
"Email Template to Notify Admin","Szablon wiadomości e-mail do powiadomienia administratora"
"Admin Email Address","Adres e-mail administratora"
"Comma separated Emails, no spaces.","E-maile oddzielone przecinkami, bez spacji."
"Amasty Advanced Reviews: Product Reviews","Amasty Advanced Reviews: Product Reviews"
"Powered by Amasty Advanced Reviews extension.","Powered by Amasty Advanced Reviews extension."
"Header","Nagłówek"
"Display Page Control","Wyświetl kontrolę strony"
"Number of Products per Page","Liczba produktów na stronie"
"Number of Reviews to Show","Liczba recenzji do pokazania"
"The number of reviews is set to 10 by default.","Liczba recenzji jest domyślnie ustawiona na 10."
"Reviews from Current Category Only","Recenzje tylko z bieżącej kategorii"
"Use on Categories.","Użyj w kategoriach."
"Reviews of Products which belong to the Same Categories Only","Recenzje produktów, które należą tylko do tej samej kategorii"
"Use on Products.","Użyj w produktach."
"Reviews Type","Typ recenzji"
"Do not Display Reviews with Average Rating less than","Nie wyświetlaj recenzji o średniej ocenie niższej niż"
"Enable Slider","Włącz slider"
"Template","Szablon"
"Amasty Advanced Reviews: Product's Review Summary","Amasty Advanced Reviews: Product's Review Summary"
"Product","Produkt"
"Select Product...","Wybierz produkt..."
"Leave empty to show all product’s reviews.","Pozostaw puste, aby wyświetlić wszystkie recenzje produktów."
"Show Reviews as","Pokaż recenzje jako"
"List","Lista"
"Slider","Slider"
"Number of Reviews per Page","Liczba recenzji na stronie"
"Comment","Komentarz"
"Back","Powrót"
"General","Ogólne"
"Name","Imię"
"E-Mail","E-Mail"
"Status","Status"
"Approve","Zatwierdź"
"Are you sure you want to approve?","Czy na pewno chcesz zatwierdzić?"
"Inactivate","Niekatywny"
"ID","ID"
"Review","Opinia"
"Nickname","Pseudonim"
"Email","E-mail"
"Created At","Utworzono"
"Updated At","Zaktualizowano"
"Disapprove","Cofnięcie zatwierdzenia"
"Edit","Edycja"
"Delete items","Usuń elementy"
"Are you sure you wan't to delete selected items?","Czy na pewno nie chcesz usunąć wybranych elementów?"
"Cancel","Anuluj"
"Cancel items","Anuluj pozycje"
"Are you sure you wan't to cancel selected items?","Czy na pewno nie chcesz anulować wybranych pozycji?"
"Send","Wyślij"
"Send Emails","Wyślij emaile"
"Are you sure you wan't to Send selected items?","Czy na pewno chcesz wysłać wybrane elementy?"
"Send Test Email","Wyślij testową wiadomość e-mail"
"Send Test Emails","Wyślij testowe wiadomości e-mail"
"Order #","Zamówienie #"
"Product Names","Nazwy produktów"
"Store View","Widok sklepu"
"Date Created","Data utworzenia"
"Date of Sending","Data wysłania"
"More info", "Więcej informacji"
"Less info", "Mniej informacji"

"---Amasty_Rma---", ""
"Dear","Witaj"
"RMA Request","Zgłoszenie zwrotu"
"has been created","zostało utworzone"
"RMA ID:","ID zwrotu:"
"Status:","Status:"
"Order ID:","ID zamówienia"
"Created At:", "Utworzono:"
"items to return", "produkty do zwrotu"
"status of your", "status Twojego"
"has been changed", "zostało zmienione"
"Current status:", "Aktualny status:"
"Note:", "Uwaga:"
"Return", "Zwrot"
"Returns", "Zwroty"
"You have placed no return request.", "Nie złożono żadnej prośby o zwrot."
"Create new return request", "Utwórz nowe żądanie zwrotu"
"Extra Fields:", "Dodatkowe pola:"
"Other Order Return", "Inne zwroty zamówienia"
"Choose Items", "Wybierz produkty"
"Reason", "Powód"
"Condition", "Stan"
"Resolution", "Decyzja"
"Return Qty", "Ilość do zwrotu"
"Cancel RMA", "Anuluj zwrot"
"Return Reason", "Powód zwrotu"
"Details", "Szczegóły"
"Please choose", "Proszę wybrać"
"Customer Address", "Adres klienta"
"Delivered","Dostarczony"
"Chat", "Czat"
"Store pays for Shipping.", "Sklep płaci za wysyłkę"
"You should pay for Shipping.", "Powinieneś zapłacić za wysyłkę."
"Item Condition", "Stan produktu"
"This product wasn't shipped.", "Ten produkt nie został wysłany."
"This product is already refunded.", "Ten produkt został już zwrócony."
"Rma request for this product is already created. Existing Return(s):", "Żądanie zwrotu dla tego produktu zostało już utworzone. Istniejące zwroty:"
"The return period expired.", "Okres zwrotu minął."
" If you have questions, please contact the store administrator:", " W przypadku pytań prosimy o kontakt z administratorem sklepu:"
"The return for this product can't be processed.", "Nie można zrealizować zwrotu za ten produkt."
"This product was on sale.", "Ten produkt był na wyprzedaży."
"This product cannot be returned.", "Ten produkt nie podlega zwrotowi."
"Please do not forget to take a picture of the goods from all sides. Request without such photos may not be approved", "Nie zapomnij zrobić zdjęcia towaru ze wszystkich stron. Żądanie bez takich zdjęć może nie zostać zatwierdzone"
" Please, describe the issue in details.", " Prosimy o szczegółowe opisanie problemu."
"Attach File", "Dołącz plik"
"Submit Request", "Wyślij żądanie"
"Cancel", "Anuluj"
"Items were not selected", "Elementy nie zostały wybrane"
"Please Select Reason for", "Wybierz przyczynę dla"
"Please Select Condition for", "Wybierz stan dla"
"Please Select Resolution for", "Wybierz decyzję dla"
"Please accept the Return Policy", "Zaakceptuj zasady zwrotów"
"You are supposed to cover shipping costs", "Musisz pokryć koszty wysyłki"
"Store is supposed to cover shipping costs", "Sklep ma pokryć koszty wysyłki"
"Item Returns", "Zwroty produktu"
"This item can be returned", "Można zwrócić"
"Sorry, the item can\'t be returned", "Przepraszamy, produkt nie może zostać zwrócony"
"%1 period","%1 okres"
"%1 days","%1 dni"
"My Returns Requests", "Moje żądania zwrotów"
"Thank you for your feedback.", "Dziękujemy za twoją opinię."
"How do you rate the work of a manager?","Jak oceniasz pracę managera?"
"RMA Details", "Szczegóły zwrotu"
"You can also leave a comment.", "Możesz też zostawić komentarz."
"New Return for Order #%1","Nowy zwrot dla zamówienia #%1"
"Customer name","Nazwa klienta"
"Customer name:","Nazwa klienta"
"Return Resolution","Oczekiwanie"
"Start of conversation with customer","Rozpocznij rozmowę z klientem"
"Start of conversation with manager","Rozpocznij rozmowę z managerem"
"Product Details", "Szczegóły produktu"
"Return Details", "Szczegółu zwrotu"
"Items Conditions", "Stan produktów"
"Return Request successfully closed.", "Żądanie zwrotu zostało pomyślnie zamknięte."
"New RMA Request", "Nowe żądanie zwrotu"
", your", ", twoje"
"RMA you have new message from manager", "Twoje zgłoszenie zwrotu ma nową wiadomość od managera"
"manager sent new message.", "manager wysłał nową wiadomość."
"To see new messages", "Aby zobaczyć nową wiadomość"
"click here", "kliknij tutaj"
"RMA status changed", "Zmiana statusu w żądaniu zwrotu"
"I have read and accept the %1Return Policy%2","Przeczytałem i akceptuję %1Zasady zwrotów%2"
"Returns: how it works","Zwrot: co teraz?"
"Please Select", "Proszę wybrać"
"Please select", "Proszę wybrać"
"Remove", "Usuń"

"---Swissup_Ajaxpro---", ""
"Ajaxpro", "Koszyk Ajax Pro"

"---Swissup_Ajaxsearch---", ""
"Ajaxsearch", "Wyszukiwanie Ajax"

"---Swissup_Amp---", ""
"Accelerated Mobile Pages","Przyspieszone strony mobilne (AMP)"

"---Swissup_Askit---", ""
"Askit","Pytanie o produkt"
"Recent Answers", "Ostatnie odpowiedzi"
"Askit Questions","Pytania o produkt"
"Answer", "Odpowiedź"
"Askit Recent Answers","Ostatnie odpowiedzi"
"Submit Question", "Wyślij pytanie"
"Thanks for contacting us with your question. We'll respond to you very soon.", "Dziękujemy za skontaktowanie się z nami w sprawie pytania. Wkrótce odpowiemy."
"Thanks for your comment. We'll respond to you very soon.", "Dziękujemy za komentarz. Odpowiemy Ci wkrótce."
"We can't process your request right now. Sorry, that's all we know.", "Nie możemy w tej chwili przetworzyć Twojego zgłoszenia."
"answer", "odpowiedź"
"answers", "odpowiedzi"
"It is helpful","To jest pomocne"
"Not much help","Niezbyt pomocne"
"Make Public", "Upublicznij"
"Make Private", "Ustaw jako prywatne"
"Assign to ...", "Przypisz do ..."
"Unassign all Products", "Cofnij przypisanie wszystkich produktów"
"Unassign all Categories", "Cofnij przypisanie wszystkich kategorii"
"Unassign all Pages", "Cofnij przypisanie wszystkich stron"
"Delete items", "Usuń elementy"
"Are you sure you want to delete selected items?", "Czy na pewno chcesz usunąć wybrane elementy?"
"A total of %1 record(s) have been deleted.", "Usunięto łącznie %1 rekord(y/ów)."
"Askit Question Answer","Odpowiedź na pytania o produkt"
"Askit admin new question notification","Powiadomienie admina o nowyn pytaniu o produkt"
"Ask Your Question", "Zadaj pytanie"
"Post a private question", "Wyślij pytanie jako prywatne"

"---Swissup_Attributepages---", ""
"Hide from layered navigation", "Ukryj w nawigacji warstwowej"
"Use Layered Navigation", "Użyj nawigacji warstwowej"
"Option Pages Settings", "Opcje ustawień strony"
"Additional Product Collection Filters", "Dodatkowe filtry kolekcji produktów"
"When enabled, attribute will be hidden from layered navigation at all category pages", "Po włączeniu atrybut będzie ukryty przed warstwową nawigacją na wszystkich stronach kategorii"

"---Swissup_Compare---", ""
"View All attributes or Just Differences", "Zobacz wszystkie atrybuty lub tylko różnice"
"Show All", "Pokaż wszystko"
"Differences", "Różnice"

"---Swissup_Core---", ""
"Swissup", "Swissup"
"Read Documentation", "Czytaj dokumentację"
"Read Changelog", "Sprawdź listę zmian"
"Open Marketplace", "Otwórz Marketplace"
"Select", "Wybierz"

"---Swissup_Easyflags---", ""
"Easy Flags", "Flagi krajów"
"Language Switcher", "Przełącznik języków"
"Language switcher mode", "Rodzaj przełącznika"
"One line", "W jednej linii"
"Modal popup", "Wyskajujący popup"

"---Swissup_EasySlide---", ""
"EasySlide", "Slider"
"Sliders", "Slidery"
"Select Slider","Wybierz slajder"
"New Slider","Nowy slajder"
"Add New Slider","Dodaj nowy slajder"
"General", "Ogólne"
"Parameters", "Parametry"
"Slides", "Slajdy"
"Design", "Projekt"
"Theme", "Motyw"
"Black", "Czarny"
"Number of Slides Per View", "Ilość slajdów na widok"
"Space Between Slides", "Odstęp między slajdami"
"Slide Maximum Width", "Maksymalna szerokość slajdu"
"Limit width of slides. Works best when centered option enabled.", "Ogranicz szerokość slajdów. Działa najlepiej, gdy włączona jest opcja wyśrodkowania."
"Works best when infinite slider option is disabled", "Działa najlepiej, gdy opcja nieskończonego suwaka jest wyłączona"
"Behavior", "Zachowanie"
"Effect transition speed", "Szybkość efektu tranzycji"
"Delay between transitions. If empty then autoplay is disabled.", "Opóźnienie między przejściami. Jeśli jest pusty, autoodtwarzanie jest wyłączone."
"Infinite slider", "Nieskończony slajder (w pętli)"
"Start with random slide", "Start z losowym slajdem"
"Free Mode", "Tryb wolny"
"Center slide", "Wycentrowany slajd"
"Navigation", "Nawigacja"
"Thumbnails", "Miniaturki"
"Responsive Breakpoints", "Breakpointy responsywności"
"New Breakpoint", "Nowy breakpoint"
"Screen Width", "Szerokość ekranu"
"Slides Per View", "Slajdów na widok"
"Space Between", "Przerwa pomiędzy"
"Slides", "Slajdy"
"Lazy loading of images", "Lazyload obrazków"
"Load images in closest slides also", "Ładowanie obrazków także w najbliższych slajdach"
"Use responsive images", "Użyj obrazków responsywnych"
"Enabling it may help when other slides also visible. For example, it should be enabled for main slider at Argento Force.", Włączenie jej może pomóc, gdy widoczne są również inne slajdy. Na przykład powinien być włączony dla głównego suwaka."
"Force image to use `srcset` attribute. This option can increase PageSpeed score when properly configured.", "Wymuś, aby obraz używał atrybutu `srcset`. Ta opcja może zwiększyć wynik PageSpeed, jeśli jest prawidłowo skonfigurowana."
"Sizes", "Rozmiary"
"Media condition", "Warunek dla media"
"New Size", "Nowy rozmiar"

"---Swissup_Easybanner---", ""
"EasyBanner", "Banery"
"Easybanner", "Banery"

"---Swissup_Easycatalogimg---", ""
"Easy Catalog Images","Obrazy kategorii"
"Category Thumbnail", "Miniaturka kategorii"

"---Swissup_Easytabs---", ""
"Easy Tabs","Zakładki"
"Easytabs","Zakładki"
"Add New Tab","Dodaj nową zakładkę"
"Hide on Product", "Ukryj na produkcie"
"Unset", "Nieustawiony"

"---Swissup_Fblike---", ""
"Facebook Like Button","Przycisk FB 'Lubię to'"

"---Swissup_FeaturedAttributes---", ""
"Featured Attributes", "Wyróżnianie atrybutów"

"---Swissup_Gdpr---", ""
"GDPR", "RODO"
"Cookie Consent", "Zgoda na pliki cookie"
"Cookie Registry", "Rejestr plików cookie"
"Allow All & Save","Zezwól na wszystkie i zapisz"
"Accept & Save","Zaakceptuj wybrane i zapisz"
"Accepted Consents","Zaakceptowane zgody"
"Necessary", "Niezbędne"
"Marketing", "Marketing"
"Advertisement", "Reklama"
"Necessary cookies enable core functionality such as security, network management, and accessibility. You may disable these by changing your browser settings, but this may affect how the website functions.", "Niezbędne pliki cookie zapewniają podstawowe funkcje, takie jak bezpieczeństwo, zarządzanie siecią i dostępność. Możesz je wyłączyć, zmieniając ustawienia przeglądarki, ale może to wpłynąć na działanie witryny."
"Marketing cookies help us provide our visitors with relevant content, browsing history, and product recommendations.", "Marketingowe pliki cookie pomagają nam dostarczać naszym odwiedzającym odpowiednie treści, historię przeglądania i rekomendacje produktów."
"Advertisement cookies help us provide our visitors with relevant ads and marketing campaigns.", "Reklamowe pliki cookie pomagają nam dostarczać naszym odwiedzającym odpowiednie reklamy i kampanie marketingowe."
"Analytics cookies help us understand how our visitors interact with the website. It helps us understand the number of visitors, where the visitors are coming from, and the pages they navigate. The cookies collect this data and are reported anonymously.", "Analityczne pliki cookie pomagają nam zrozumieć, w jaki sposób nasi odwiedzający wchodzą w interakcję ze stroną internetową. Pomaga nam zrozumieć liczbę odwiedzających, skąd pochodzą odwiedzający i strony, na których się poruszają. Pliki cookie zbierają te dane i są zgłaszane anonimowo."
"Preserves the visitor's session state across page requests.", "Zachowuje stan sesji odwiedzającego we wszystkich żądaniach stron."
"Protects visitor's data from Cross-Site Request Forgery Attacks.", "Chroni dane odwiedzających przed atakami Cross-Site Request Forgery."
"Stores the Order ID that guest shoppers use to retrieve their order status. Used in “Orders and Returns” widgets.", "Przechowuje identyfikator zamówienia używany przez kupujących gościa do pobierania stanu zamówienia. Używane w widżetach „Zamówienia i zwroty”."
"Preserves the destination page the customer was loading before being directed to log in.", "Zachowuje stronę docelową, którą klient ładował przed skierowaniem do zalogowania."
"Stores banner content locally to improve performance.", "Przechowuje zawartość banerów lokalnie w celu poprawy wydajności."
"The value of this cookie triggers the cleanup of local cache storage.", "Wartość tego pliku cookie wyzwala czyszczenie lokalnej pamięci podręcznej."
"Local storage of visitor-specific content that enables ecommerce functions.", "Lokalne przechowywanie treści specyficznych dla odwiedzających, które umożliwiają funkcje e-commerce."
"Forces local storage of specific content sections that should be invalidated.", "Wymusza lokalne przechowywanie określonych sekcji treści, które powinny zostać unieważnione."
"Tracks error messages and other notifications that are shown to the user, such as the cookie consent message, and various error messages. The message is deleted from the cookie after it is shown to the shopper.", "Śledzi komunikaty o błędach i inne powiadomienia wyświetlane użytkownikowi, takie jak komunikat o zgodzie na pliki cookie i różne komunikaty o błędach. Wiadomość jest usuwana z pliku cookie po jej wyświetleniu kupującemu."
"Appends a random, unique number and time to pages with customer content to prevent them from being cached on the server.", "Dołącza losową, niepowtarzalną i czas do z treścią klienta, aby zapobiec ich buforowaniu na serwerze."
"Stores customer-specific information related to shopper-initiated actions such as display wish list, checkout information, etc.", "
Przechowuje informacje specyficzne dla klienta związane z działaniami zainicjowanymi przez kupującego, takimi jak wyświetlanie listy życzeń, informacje o kasie itp."
"Remembers the user's selected language version of a website.", "Zapamiętuje wybraną przez użytkownika wersję językową strony internetowej."
"Stores the user's cookie consent state for the current domain.", "Przechowuje stan zgody użytkownika na pliki cookie dla bieżącej domeny."
"Configuration setting that improves performance when using Varnish static content caching.", "Ustawienie konfiguracji, które poprawia wydajność podczas korzystania z pamięci podręcznej zawartości statycznej Varnish."
"Stores configuration for product data related to Recently Viewed / Compared Products.", "Przechowuje konfigurację danych produktów związanych z ostatnio oglądanymi/porównywanymi produktami."
"Stores product IDs of recently compared products.", "Przechowuje identyfikatory ostatnio porównywanych produktów."
"Stores product IDs of previously compared products for easy navigation.", "Przechowuje identyfikatory produktów wcześniej porównywanych produktów w celu łatwej nawigacji."
"Stores product IDs of recently viewed products for easy navigation.", "Przechowuje identyfikatory ostatnio oglądanych produktów, aby ułatwić nawigację."
"Stores product IDs of recently previously viewed products for easy navigation.", "Przechowuje identyfikatory produktów ostatnio oglądanych produktów, aby ułatwić nawigację."
"This cookie is installed by Facebook to store and track visits across websites.", "Ten plik cookie jest instalowany przez Facebook w celu przechowywania i śledzenia wizyt na stronach internetowych."
"Preserves the visitor's preferences and stats regarding shown popup blocks.", "Zachowuje preferencje i statystyki odwiedzającego dotyczące wyświetlanych bloków wyskakujących okienek."
"Used by Google Tag Manager. Captures the product SKU, name, price and quantity added or removed from the cart, and makes the information available for future integration by third-party scripts.", "Używane przez Menedżera Tagów Google. Przechwytuje kod SKU produktu, nazwę, cenę i ilość dodaną lub usuniętą z koszyka i udostępnia informacje do przyszłej integracji za pomocą skryptów innych firm."
"Throttles request rate when Google Analytics is deployed with Google Tag Manager.", "Ogranicza częstotliwość żądań, gdy Google Analytics jest wdrażany z Menedżerem Tagów Google."
"This cookie is installed by Google Analytics. They are used to collect information about how visitors use our website. We use the information to compile reports and to help us improve the website. The cookies collect information in a way that does not directly identify anyone.", "Te pliki cookie są instalowane przez Google Analytics. Służą do zbierania informacji o tym, jak odwiedzający korzystają z naszej strony internetowej. Wykorzystujemy te informacje do sporządzania raportów i pomagania nam w ulepszaniu strony internetowej. Cookies zbierają informacje w sposób, który nikogo bezpośrednio nie identyfikuje."

"---Swissup_Highlight---", ""
"Highlight Pages","Wyróżnione strony"

"---Swissup_HoverGallery---", ""
"Hover Gallery", "Obrazki hover"

"---Swissup_Hreflang---", ""

"---Swissup_Lightboxpro---", ""

"---Swissup_Navigationpro---", ""
"NavigationPro", "Menu nawigacyjne PRO"
"New Item", "Nowy element"
"Import Item", "Zaimportuj element"
"Mass Edit", "Edycja masowa"
"Menu Items", "Elementy menu"
"Modifiers", "Modyfikatory"
"Default Dropdown Settings", "Domyślne ustawienia rozwijania"
"Open Dropdown Settings", "Otwórz opcje rozwijaina"
"Default Item Settings", "Domyślne ustawienia elementu"
"Open Item Settings", "Otwórz opcje elementu"
"Custom CSS Styles", "Domyślne ustawienia styli"
"Global dropdown settings", "Globalne ustawienia rozwijania"
"Add Content", "Dodaj zawartość"
"First level dropdown settings", "Ustawienia pierwszego poziomu rozwijania"
"Second level dropdown settings", "Ustawienia drugiego poziomu rozwijania"
"Third level dropdown settings", "Ustawienia trzeciego poziomu rozwijania"
"Name as Html", "Nazwa jako HTML"

"---Swissup_Pagespeed---", ""


"---Swissup_ProLabels---", ""
"ProLabels", "Etykiety produktu PRO"
"Apply Labels","Zastosuj etykiety"
"Position", "Pozycja"
"Select Label Preset", "Wybierz wygląd etykiety"
"Load and Select", "Załaduj i wiebierz"
"Show advanced options", "Pokaż opcje zaawansowane"
"Hide advanced options", "Ukryj opcje zaawansowane"
"Check advanced options to change text, color or upload image for label", "Sprawdź zaawansowane opcje, aby zmienić tekst, kolor lub przesłać obraz do etykiety"
"Round Method", "Metoda zaokrąglania"
"Math", "Matematyczna"
"Ceil", "W górę"
"Floor", "W dół"


"---Swissup_QuantitySwitcher---", ""
"Quantity Switcher", "Przełącznik pola ilości"
"Quantity switcher type", "Typ przełącznika"
"Arrows", "Strzałki"

"---Swissup_Reviewreminder---", ""
"Review reminder email template", "Szablon rzypomnienia o recenzji"

"---Swissup_RichSnippets---", ""
"Rich Snippets","Fragmenty rozszerzone (Rich Snippets)"
"Minify structured data","Minifikacja danych strukturalnych"
"Breadcrumbs", "Breadcrumby"
"Product Structured Data","Dane strukturalne produktu"
"Product Condition Attribute","Atrybut warunku produktu"
"Organization", "Organizacja"
"Street", "Ulica"
"Social Links","Linki mediów społecznościowych"
"Structured data", "Dane strukturalne"
"Property Name", "Nazwa właściwości"
"Add snippet", "Dodaj snipet"
"Add reviews data", "Dodaj dane recenzji"
"Add availability data", "Dodaj dane o dostępności"
"Static date", "Stała data"
"Static Date", "Stała data"
"Dynamic Date", "Dynamiczna data"

"---Swissup_SeoCore---", ""
"SEO Suite", "Pakiet SEO"
"Swissup SEO Suite", "Swissup Pakiet SEO"

"---Swissup_SeoCanonical---", ""

"---Swissup_SeoCrossLinks---", ""
"CrossLinks", "Linki krzyżowe"

"---Swissup_SeoHtmlSitemap---", ""
"Sitemap Links", "Mapa linków"
"Sitemaps", "Mapy witryn"

"---Swissup_SeoImages---", ""

"---Swissup_SeoPager---", ""

"---Swissup_SeoTemplates---", ""

"---Swissup_SeoUrls---", ""

"---Swissup_SeoXmlSitemap---", ""

"---Swissup_SoldTogether---", ""
"SoldTogether", "Sprzedawane razem"
"Sold Together", "Sprzedawane razem"
"Bought Together", "Kupowane razem"
"Total price", "Cena całkowita"
"Show details", "Pokaż szczegóły"
"Frequently Bought Products", "Często kupowane produkty"
"Customers Who Bought This Item Also Bought Products", "Klienci, którzy kupili ten przedmiot, kupili również produkty"
"Add Frequently Bought Products", "Dodaj często kupowane produkty"
"Add Customers Bought Products", "Dodaj produkty kupowane przez innych klientów"
"Choose options for all selected products.", "Wybierz opcje dla wszystkich wybranych produktów"
"Products commonly purchased together with current product.", "Produkty powszechnie kupowane razem z aktualnym produktem."
"Products customer also likes to buy when interested in current one.", "Produkty Klient chętnie kupuje również, gdy jest zainteresowany aktualnym."

"---Swissup_Suggestpage---", ""
"SuggestPage", "Strona sugestii"
"Show suggestion page after adding product to cart", "Pokaż stronę sugestii po dodaniu produktu do koszyka"

"---Swissup_Testimonials---", ""
"Testimonials", "Rekomendacje sklepu"
"Submit your testimonial","Prześlij swoją opinię o nas"
"Submit Your Testimonial", "Prześlij swoją opinię o nas"
"Admin new testimonial notification", "Powiadomienie admina o nowej rekomendacji"

"---Swissup_ThemeEditor---", ""
"Themes Editor", "Edytor motywów"
"Please select theme below", "Wybierz motyw poniżej"

"---ChrisMallory_FreeShippingProgressBar---", ""
"Add <span class=""freeship-price"">%1</span> more to get <span class=""freeship-bold"">%2!</span>", "Brakuje <span class=""freeship-price"">%1</span> do <span class=""freeship-bold"">DARMOWEJ DOSTAWY!</span>"
"Your order is eligible for <span class=""freeship-bold"">%1!</span>", "Uzyskałeś/aś <span class=""freeship-bold"">DARMOWĄ DOSTAWĘ!</span>"
"Enable Free Shipping Progress Bar", "Włącz Progress Bar darmowej dostawy"
"Display a free shipping progress bar in cart to promote higher order values.", "Wyświetla progress bar darmowej dostawy w koszyku nad kwotami zamówienia."
"Use Free Shipping Method Configuration", "Użyj konfiguracji metody 'Darmowa dostawa'"
"If set to yes, the free shipping progress bar will be based on if the core free shipping method is available or not. If set to no, you can use a custom configuration using the fields that will appear below this field.", "Jeśli ustawione na tak, pasek postępu bezpłatnej wysyłki będzie oparty na tym, czy podstawowa metoda bezpłatnej wysyłki jest dostępna, czy nie. Jeśli ustawiono na nie, możesz użyć niestandardowej konfiguracji, korzystając z pól, które pojawią się poniżej tego pola."
"Free Shipping Progress Bar Minimum Order Total", "Minimalna kwota zamówienia dla Progress Bar darmowej dostawy"
"Enter the value an order has to be equal to or over to be eligible for free shipping.", "Wprowadź wartość zamówienia, która musi być równa lub większa, aby kwalifikować się do bezpłatnej wysyłki."

"---Bold_OrderComment---", ""
"Show in checkout", "Pokaż w procesie zamówienia"
"Toggle visibility of the order comments section in the checkout", "Przełącz widoczność sekcji komentarzy do zamówienia w kasie"
"Maximum length in characters", "Maksymalna liczba znaków"
"Leave empty for no limit", "Zostaw puste, jeśli bez limitu"
"Show in cart", "Pokaż w koszyku"
"Show comments in customer account", "Pokaż komentarze w panelu klienta"
"Initial collapse state on checkout page", "Początkowy stan zwijania na stronie kasy"

"---MagePsycho_ProductAttachment---", ""
"Product Attachment", "Załączniki do produktu"
"Manage Settings", "Zarządzaj ustawieniami"

"---Mageside_SubscribeAtCheckout---", ""
"Subscribe At Checkout", "Subkrypcja newslettera w kasie"

"---MagePal_CustomerAccountLinksManager---", ""
"Customer Account Links Manager", "Konfiguracja linków w panelu klienta"
"About Account Links Manager", "O Managerze Linków Klienta"
"Account Links Manager Setting", "Ustawienia linków klienta"
"Hide all selected links", "Ukryj wszystkie wybrane linki"
"Display only links selected", "Pokaż tylko zaznaczone linki"
"Dashboard Section", "Lista sekcji"

"---Magefan_Community---", ""
"Extensions &amp; Notifications", "Moduły i powiadomienia"
"Enable Extension", "Włącz rozszerzenie"

"---Magefan_Translation---", ""
"Translation", "Tłumaczenia"
"Add/Edit", "Dodaj/Edytuj"
"Add Translation", "Dodaj tłumaczenie"
"Save Translation", "Zapisz tłuamczenie"
"Delete Translation", "Usuń tłumaczenie"
"You saved the translation.", "Zapisałeś tłumaczenie."
"Original Text", "Oryginalny tekst"
"Translate Text", "Przetłumaczony tekst"
"Admin User Guide", "Podręcznik użytkownika administratora"

"---Experius_MissingTranslations---", ""
"Database / Inline", "Tłumaczenia liniowe w bazie danych"
"Database Translations", "Tłumaczenia bazodanowe"
"Translate Missing String", "Przetłumacz brakujący tekst"
"Original String", "Oryginalny tekst"
"Translated String", "Przetłumaczony tekst"
"Has a translation", "Ma tłumaczenie"
"Update Translation", "Aktualizuj tłumaczenie"
"The Locale/Language can not be changed after being set.", "Ustawienia regionalne/język nie mogą zostać zmienione po ustawieniu."
"The Store can not changed after being set.", "Sklep nie może zostać zmieniony po ustawieniu."
"The Original String can not be changed because it is used in the code/template after being set.", "Nie można zmienić oryginalnego ciągu, ponieważ jest on używany w kodzie/szablonie po ustawieniu."
"Fill in the Translation for the Original String.", "Wypełnij tłumaczenie oryginalnego ciągu."
"Edit Translation", "Edytuj tłumaczenie"

"---Magefan_ConflictDetector---", ""
"Conflict Detector", "Wykrywacz konfliktów"
"Conflict", "Konflikt"
"Rewrites", "Nadpisania"
"Original Class", "Oryginalna klasa"
"Resolved", "Rozwiązany"

"---Magefan_Cli---", ""
"Cli", "CLI"
"Command Line by Magefan", "Linia poleceń"
"Command Line Interface", "Interfejs linii poleceń"
"Most Used Magento 2 Commands", "Najczęściej używane polecenia Magento 2"
"Allowed Commands For Managers", "Dozwolone polecenia dla menedżerów"
"PHP Command", "Polecenie PHP"
"Enter Command:", "Wprowadź komendę:"
"Execute Command:", "Wykonanie komendy:"
"Most Used Commands", "Najczęściej używane komendy"

"---Magefan_Notifications---", ""
"The following Cache Type(s) are disabled: %1. <a href=""%2"">Manage Cache</a>.","Następujące typy pamięci podręcznej są wyłączone: %1. <a href=""%2"">Zarządzaj cache</a>."
"Some customer reviews are pending for approval. <a href=""%1"">Manage Reviews</a>.","Niektóre opinie klientów oczekują na zatwierdzenie. <a href=""%1"">Zarządzaj recenzjami</a>."

"---Shkoliar_GridColors---", ""
"Colors", "Kolory"
"Colorize by", "Koloruj wg"

"---MagePsycho_GoToCatalog---", ""
"Go To Catalog", "Szybkie przejście na front katalogu"
"Catalog Settings", "Ustawienia katalogu"
"Enable ""View in Store"" in Admin Product", "Włącz 'Pokaż w sklepie' w edycji produktu"
"Enable ""View in Store"" in Admin Category", "Włącz 'Pokaż w sklepie' w edycji kategorii"
"Short URL Key to Go to Product", "Krótki URL prowadzący do produktu"
"View in Store", "Pokaż w sklepie (front)"

"---RedChamps_CleanMenu---", ""
"Clean Admin Menu", "Porządkowanie menu admina"
"Developer Tools", "Narzędzia developerskie"
"Marketplace Menu Item", "Element menu: Marketplace"
"Modules in menu", "Moduły w menu"
"Tabs in configuration", "Taby w konfiguracji"
"Powered By Links", "Stopka powered by"
"Move Menu ID's", "Przenieś ID menu do rozszerzeń"

"---RedChamps_CmsDataSync---", ""
"Cms Data Sync", "Synchronizacja danych CMS"
"Sync", "Synchronizuj"
"Sync to %1", "Synchronizuj do: %1"
"Connection", "Połączenie"
"Website Name", "Nazwa strony"
"Website URL", "URL strony"

"---Extdn_ExtensionDashboard---", ""
"Extension Dashboard", "Lista zainstalowanych rozszerzeń"
"Package Name", "Nazwa pakietu"
"Latest Version", "Ostatnia wersja"
"Security Updates", "Aktualizacje bezpieczeństwa"
"No release data found in DB", "Nie znaleziono informacji o wydaniu w bazie danych"

"---MagePsycho_Easypathhints---"
"Easy Template Path Hints", "Podpowiedzi ścieżek do szablonów"
"Access Code", "Kod dostępu"
"Save in Cookie", "Zapisz w cookie"

"---Mageplaza_Core---"
"Mageplaza Extensions", "Roszerzenia Mageplaza"
"One or more Mageplaza extensions are not validated. Click <a href=""%1"">here</a> to validate them.","Co najmniej jedno rozszerzenie Mageplaza nie zostało zweryfikowane. Kliknij <a href=""%1"">tutaj</a>, aby zweryfikować."
"This extension is not actived.", "To roszerzenie nie zostało aktywowane."

"---Mageplaza_Smtp---"
"Email Logs", "Logi e-mail"
"Email Log", "Logi e-mail"
"Clear All Logs", "Wyczyść wszystkie logi"
"Recipient", "Odbiorca"

"---Bss_CustomProductAttributeExport---"
"Custom Product Attribute Export", "Export niestandardowych atrbutów produktu"
"Enable Module", "Włącz moduł"
"Product Export Column", "Kolumny do exportu produkt"
"Allowed Atrributes", "Dozwolone atrybuty"

"---MarkShust_OrderGrid---", ""
"Order Items", "Zamówione produkty"

"---Faonni_MultiFlatShipping---", ""
"Delivery Methods", "Metody dostawy"
"Flat Rate 2", "Płaska stawka 2"
"Flat Rate 3", "Płaska stawka 3"
"Flat Rate 4", "Płaska stawka 4"
"Flat Rate 5", "Płaska stawka 5"

"---Lof_All---", ""
"Landofcoder Extensions Setting", "Landofcoder"
"Manage Licenses", "Zarządzanie licencjami"

"---Lof_Faq---", ""
"Lof", "Landofcoder developer"
"Licences", "Licencje"
"Market", "Sklep"
"Add New Question", "Dodaj nowe pytanie"
"Manage Questions", "Zarządzaj pytaniami"
"Add New Category", "Dodaj nową kategorię"
"Manage Question Tags", "Zarządzaj tagami"
"Question Information", "Informacje do pytania"
"Related Questions", "Powiązane pytania"
"Question Title", "Tytuł pytania"
"Comma-separated.", "Oddzielane przecinkiem"
"Creation Time", "Czas utworzenia"
"Is Featured", "Jest wyróżnione"
"Dislike", "Nielubić"
"Question URL", "URL pytania"
"Include the block FAQ Category on Sidebar", "Dodaje do bloku kategorie FAQ w sidebarze"
"Grid Column", "Kolumny w gridzie"
"You saved the question.", "Zapisano pytanie."
"FAQ Page", "Strona FAQ"
"Question Page", "Strona pytania"
"Most FAQ", "Najczęściej zadawane pytania"
"Save Question", "Zapisz pytanie"
"Back to FAQ page", "Wróć do strony FAQ"
"Lof Faq", "FAQ"

"---Lof_SocialLogin---", ""
"Social Login", "Logowanie social media"
"Popup Effect", "Efekt popupa"\
"Style Management", "Zarządzanie stylem"
"Social Button Position", "Przyciski social media"
"Show", "Pokaż"
"Hiddend", "Ukryte"
"Reload URL", "URL przeładowania"
"Number Column on Large Desktop", "Liczba kolumn na dużym desktopie"
"Number Column on Desktop", "Liczba kolumn na desktopie"
"Number Column on Tablets", "Liczba kolumn na tablecie"
"Number Column on Phones", "Liczba kolumn na telefonie"
"Popup Layout", "Układ popupa"
"Header Link", "Klasa linków headera"
"Client ID", "ID klienta"
"Client Secret", "Tajny klucz klienta"
"Send Password To Customer", "Wyślij hasło do klienta"
"Popup Width", "Szerokośc popupa"
"Popup Height", "Wysokość popupa"
"OR", "LUB"
"Connect with", "Połącz z"
"Create An Account?", "Utworzyć konto?"

"---MagePsycho_ProductAttachment---", ""
"Attachments", "Załączniki"
"Attachment File", "Plik załącznika"
"Attachment Label", "Tytuł załącznika"
"Attachment Settings", "Ustawienia załączników"
"Product Tab Label", "Tytuł taba"
"Default Attachment Label", "Domyślna nazwa etykiety"
"Allowed File Extensions", "Dozwolone typy plików"

"---Mageplaza_Reports---", ""
"Last Order", "Ostatnie zamówienia"
"Totals", "Łączna sprzedaż"
"Sales By Location", "Sprzedaż według lokalizacji"
"Repeat Customer Rate", "Powracający klienci"
"Average Order Value", "Średnia wartość zamówienia"
"compare with", "porównaj z"
"Card", "karta",
"Conversion Funnel", "Ścieżka konwersji"

"---Flancer32_Csp---", ""
"Rules", "Zasady"
"Developers Only", "Tylko dla developerów"
"Activate New Rules", "Aktywuj nowe zasady"
"Report Only", "Tylko raportuj"
"Content Security Policy", "Polityka bezpieczeństwa treści (CSP)"
"CSP Reports", "Raporty CSP"
"CSP Rules", "Zasady CSP"
"Policy", "Polityka"
"Source", "Źródło"

"---MagePal_FormFieldManager---", ""
"Form Field Manager", "Menedżer pól formularzy"
"About Form Field Manager", "O menedżerze pól formularzy"
"Composer Version", "Wersja composera"
"Form Field Manager Setting", "Ustawienia menedżera pól formularzy"
"Customer Attribute", "Niechaciane atrybuty klienta"
"Customer Address Attribute", "Niechciane atrybuty adresu klienta"

"---Ibnab_ChangeAttributeSet---", ""
"Change Atrribute Set", "Zmiana zestawu cech"
"auto create not exist configuarble product attribute in cible attribute set ", "automatycznie utwórz zestaw w nieistniejącym produkcie konfigurowalnym"
"Change attribute set", "Zmień zestaw cech"
"Are you sure to assign selected products to new attribute set?", "Czy na pewno chcesz przypisać wybrane produkty do nowego zestawu cech?"

"---WeltPixel_SocialLogin---", ""
"Login With Social Profile","Profil społecznościowy"
"My Social Accounts", "Moje konta social media"
"Linked Accounts","Połączone konta"
"Unlink","Odłącz"
"No Linked Accounts","Brak połączonych kont"
"Account unlinked successfully.","Odłączenie konta przebiegło pomyślnie"
"Customer with email %1 already exists in the database. Your %2 Profile is linked to this customer.","Klient o adresie e-mail %1 już istnieje w bazie danych. Twój profil %2 jest połączony z tym klientem."
"Customer registration successful. Your password reset link was sent to the email: %1","Rejestracja klienta powiodła się. Twój link do resetowania hasła został wysłany na e-mail: %1"
"No link id provided.","Nie podano identyfikatora łącza."
"An error occurred, please try again.","Wystąpił błąd. Proszę spróbować ponownie."
"Social Login Accounts","Konta logowania w mediach społecznościowych"
"A customer with the same email already exists in an associated website.","Klient o tym samym adresie e-mail już istnieje w powiązanej witrynie internetowej."
"View Customer","Zobacz klienta"
"No Linked Accounts","Brak połączonych kont"
"Checkout out as a new customer","Dokonaj płatności jako nowy klient"
"Creating an account has many benefits:","Założenie konta niesie ze sobą wiele korzyści:"
"See order and shipping status","Zobacz status zamówienia i wysyłki"
"Track order history","Śledź historię zamówień"
"Check out faster","Sprawdź szybciej"
"Create Account","Utwórz konto"
"Checkout out using your account","Dokonaj płatności, korzystając ze swojego konta"
"Email Address","Adres email"
"Password","Hasło"
"Sign In","Zaloguj się"
"Forgot Your Password?","Zapomniałeś hasła?"
"Close","Zamknij"
"Guest checkout is disabled.","Kasa dla niezalogowanych jest wyłączona"

"--- Mageplaza_Affilate ---", ""
"Affiliate Banners","Banery partnerskie"
"My Credit","Moje saldo"
"Available Balance","Dostępne saldo"
"Holding Balance","Saldo wstrzymane"
"Total Earned","Łącznie zarobiono"
"Total Paid","Łącznie wypłacono"
"Refer friends","Poleć znajomym"
"Affiliate Setting","Ustawienia partnera"
"Signup Affiliate","Zostań partnerem"
"My Withdrawal","Moje wypłaty"
"You can request withdraw when your balance equal or greater than %1","Możesz zlecić wypłatę, gdy Twoje saldo jest równe lub większe niż %1"
"You can withdraw a minimum %1","Minimalna kwota wypłaty to %1"
"You can withdraw a maximum %1","Maksymalna kwota wypłaty to %1"
"Save Account","Zapisz konto"
"Cancel","Anuluj"
"New Account","Nowe konto"
"Please select a customer","Proszę wybrać klienta"
"Account Information","Informacje o koncie"
"Customer","Klient"
"Affiliate Group","Grupa partnerska"
"Referred By","Polecony przez"
"Affiliate account Id","ID konta partnera"
"Status","Status"
"Email Notification","Powiadomienia e-mail"
"Account","Konto"
"Save and Continue Edit","Zapisz i kontynuuj edycję"
"Edit Account '%1'","Edytuj konto '%1'"
"Balance","Saldo"
"Referral Code","Kod polecającego"
"Save Banner","Zapisz baner"
"Edit Banner ""%1""","Edytuj baner ""%1"""
"New Banner","Nowy baner"
"Banner Information","Informacje o banerze"
"Title","Tytuł"
"Content","Treść"
"Url","Adres URL"
"If empty, home page will be used.","Jeśli puste, zostanie użyta strona główna."
"Related Campaign","Powiązana kampania"
"Only affiliates who are in above campaign can see this banner.","Ten baner widzą tylko partnerzy przypisani do powyższej kampanii."
"Rel Nofollow","Rel Nofollow"
"Put the rel=""nofollow"" attribute on the link.","Dodaj atrybut rel=""nofollow"" do linku."
"Save Campaign","Zapisz kampanię"
"Edit Campaign ""%1""","Edytuj kampanię ""%1"""
"New Campaign","Nowa kampania"
"Campaign Information","Informacje o kampanii"
"Name","Nazwa"
"Description","Opis"
"Website IDs","ID witryn"
"Affiliate Groups","Grupy partnerskie"
"Display","Wyświetlanie"
"Active From Date","Aktywna od"
"Active To Date","Aktywna do"
"Sort Order","Kolejność sortowania"
"Pay Per Sale","Prowizja od sprzedaży"
"Add Commission Type and Value","Dodaj typ i wartość prowizji"
"Commissions","Prowizje"
"Percentage of grand total","Procent od sumy zamówienia"
"Fixed amount","Stała kwota"
"Apply the rule only if the following conditions are met (leave blank for all products)","Zastosuj regułę tylko wtedy, gdy spełnione są poniższe warunki (pozostaw puste dla wszystkich produktów)"
"Condition","Warunek"
"Conditions","Warunki"
"Discounts","Zniżki"
"Discount","Zniżka"
"Apply","Zastosuj"
"Discount Amount","Kwota zniżki"
"Apply to Shipping Amount","Zastosuj do kosztów wysyłki"
"Discount Description","Opis zniżki"
"Save Group","Zapisz grupę"
"New Group","Nowa grupa"
"Group Information","Informacje o grupie"
"Group","Grupa"
"label","etykieta"
"Reset banner traffic","Zresetuj statystyki ruchu banera"
"Save Transaction","Zapisz transakcję"
"New Transaction","Nowa transakcja"
"Please select an affiliate account","Proszę wybrać konto partnera"
"Transaction Information","Informacje o transakcji"
"Amount","Kwota"
"Add or subtract affiliate's balance. E.g: 99 or -99","Dodaj lub odejmij od salda partnera. Np.: 99 lub -99"
"Holding Transaction For","Wstrzymaj transakcję na"
"Transaction","Transakcja"
"Are you sure you want to cancel this transaction?","Czy na pewno chcesz anulować tę transakcję?"
"Are you sure you want to complete this transaction?","Czy na pewno chcesz zakończyć tę transakcję?"
"Complete","Zakończ"
"View Transaction '%1'","Podgląd transakcji '%1'"
"Affiliate Account","Konto partnera"
"Type","Typ"
"Order","Zamówienie"
"Created by","Utworzone przez"
"This transaction will be holed to","Ta transakcja zostanie wstrzymana do"
"Created Time","Data utworzenia"
"Save and Approve","Zapisz i zatwierdź"
"Save","Zapisz"
"New Withdraw","Nowa wypłata"
"Withdraw Information","Informacje o wypłacie"
"Include fee.","Uwzględnij opłatę."
"Fee","Opłata"
"If empty, configuration value will be used.","Jeśli puste, zostanie użyta wartość z konfiguracji."
"Payment Method","Metoda płatności"
"Payment Detail","Szczegóły płatności"
"Withdraw","Wypłata"
"Edit Withdraw '%1'","Edytuj wypłatę '%1'"
"Transfer Amount","Kwota przelewu"
"Real amount will be transfer to affiliate.","Rzeczywista kwota, jaka zostanie przekazana partnerowi."
"Affiliate Discount","Zniżka partnerska"
"Please input your friends email address.","Proszę podać adres e-mail znajomego."
"Saved successfully!","Zapisano pomyślnie!"
"Something went wrong while saving the Account.","Wystąpił błąd podczas zapisywania konta."
"Your account is not active. Please contact us.","Twoje konto nie jest aktywne. Skontaktuj się z nami."
"You have to agree with term and conditions.","Musisz zaakceptować regulamin."
"Congratulations! You have successfully registered. We will review your affiliate account and inform you once it's approved!","Gratulacje! Rejestracja zakończona pomyślnie. Sprawdzimy Twoje konto partnerskie i poinformujemy Cię, gdy zostanie zatwierdzone!"
"Congratulations! You have successfully registered.","Gratulacje! Rejestracja zakończona pomyślnie."
"The withdraw has been canceled successfully.","Wypłata została pomyślnie anulowana."
"Something went wrong while saving the request.","Wystąpił błąd podczas zapisywania żądania."
"Cannot find item.","Nie znaleziono elementu."
"An error occur. Please contact us.","Wystąpił błąd. Skontaktuj się z nami."
"Your request has been sent successfully. We will review your request and inform you once it's approved!","Twoje żądanie zostało wysłane. Rozpatrzymy je i poinformujemy Cię, gdy zostanie zatwierdzone!"
"Your balance is not enough for request withdraw.","Twoje saldo jest za niskie, aby zlecić wypłatę."
"The withdraw amount have to equal or greater than %1","Kwota wypłaty musi być równa lub większa niż %1"
"The withdraw amount have to equal or less than %1","Kwota wypłaty musi być równa lub mniejsza niż %1"
"This account no longer exists.","To konto już nie istnieje."
"The Account has been deleted.","Konto zostało usunięte."
"Account to delete was not found.","Nie znaleziono konta do usunięcia."
"Accounts","Konta"
"Edit Account ""%1""","Edytuj konto ""%1"""
"A total of %1 record(s) have been deleted.","Usunięto łącznie %1 rekordów."
"The customer ""%1"" has registed as an affiliate already.","Klient ""%1"" jest już zarejestrowany jako partner."
"Cannot find account referred.","Nie znaleziono konta polecającego."
"The Account has been created successfully.","Konto zostało utworzone pomyślnie."
"The Account has been saved successfully.","Konto zostało zapisane pomyślnie."
"The Banner has been deleted.","Baner został usunięty."
"Something went wrong while deleting banner data. Please review the action log and try again.","Wystąpił błąd podczas usuwania danych banera. Sprawdź dziennik działań i spróbuj ponownie."
"We cannot find a banner to delete.","Nie znaleziono banera do usunięcia."
"This banner no longer exists.","Ten baner już nie istnieje."
"Banners","Banery"
"Edit Banner","Edytuj baner"
"This banner does not exist.","Ten baner nie istnieje."
"You saved the banner.","Baner został zapisany."
"We cannot save the banner.","Nie udało się zapisać banera."
"This campaign no longer exists.","Ta kampania już nie istnieje."
"The Campaign has been deleted.","Kampania została usunięta."
"Campaign to delete was not found.","Nie znaleziono kampanii do usunięcia."
"Campaigns","Kampanie"
"Please correct the data sent.","Popraw przesłane dane."
"Something went wrong while saving the Campaign.","Wystąpił błąd podczas zapisywania kampanii."
"The Campaign has been saved successfully.","Kampania została zapisana pomyślnie."
"Tier","Poziom"
"Groups","Grupy"
"Something went wrong while saving the Group.","Wystąpił błąd podczas zapisywania grupy."
"Cannot remove this group","Nie można usunąć tej grupy"
"The Group has been created successfully.","Grupa została utworzona pomyślnie."
"The Transaction has been canceled.","Transakcja została anulowana."
"The Transaction has been completed.","Transakcja została zakończona."
"Transactions","Transakcje"
"View Transaction ""%1""","Podgląd transakcji ""%1"""
"This Transaction no longer exists.","Ta transakcja już nie istnieje."
"A total of %1 record(s) have been canceled.","Anulowano łącznie %1 rekordów."
"A total of %1 record(s) have been completed.","Zakończono łącznie %1 rekordów."
"Account balance is not enough to create this transaction.","Saldo konta jest za niskie, aby utworzyć tę transakcję."
"The Transaction has been created.","Transakcja została utworzona."
"Something went wrong while saving the Transaction.","Wystąpił błąd podczas zapisywania transakcji."
"This withdrawal no longer exists.","Ta wypłata już nie istnieje."
"Withdraws","Wypłaty"
"Edit Withdraw ""%1""","Edytuj wypłatę ""%1"""
"Edit Withdraw ""#%1""","Edytuj wypłatę ""#%1"""
"A total of %1 record(s) have been approved successfully.","Zatwierdzono łącznie %1 rekordów."
"A total of %1 record(s) have been cancelled.","Anulowano łącznie %1 rekordów."
"The Withdraw has been saved.","Wypłata została zapisana."
"Something went wrong while saving the Withdraw.","Wystąpił błąd podczas zapisywania wypłaty."
"My Affiliate","Mój panel partnera"
"My Credit (%1)","Moje saldo (%1)"
"Active","Aktywne"
"Inactive","Nieaktywne"
"Need Approved","Oczekuje na zatwierdzenie"
"Enabled","Włączone"
"Disabled","Wyłączone"
"Percent of cart total","Procent od wartości koszyka"
"Fixed amount discount for whole cart","Stała kwota zniżki dla całego koszyka"
"Allow Guest","Zezwól gościom"
"Affiliate Member Only","Tylko dla partnerów"
"-- Please Select --","-- Wybierz --"
"Category page","Strona kategorii"
"Product page","Strona produktu"
"Footer Link","Link w stopce"
"Top Link","Link u góry strony"
"Affiliate ID","ID partnera"
"Affiliate Code","Kod partnera"
"Hash","Hash"
"Parameter","Parametr"
"Address","Adres"
"Paypal Email","E-mail PayPal"
"Transaction Id","ID transakcji"
"Affiliate Campaign","Kampania partnerska"
"Campaign %1","Kampania %1"
"Affiliate account must be existed.","Konto partnera musi istnieć."
"Transaction amount cannot be zero.","Kwota transakcji nie może wynosić zero."
"Account balance has been reached the limit. Please contact to store owner.","Saldo konta osiągnęło limit. Skontaktuj się z właścicielem sklepu."
"Invalid transaction data for canceling.","Nieprawidłowe dane transakcji do anulowania."
"Account balance is not enough for canceling.","Saldo konta jest za niskie, aby anulować."
"Invalid transaction data to complete.","Nieprawidłowe dane transakcji do zakończenia."
"Maximum amount allowed in account balance is %1.","Maksymalne dozwolone saldo konta wynosi %1."
"Action model is invalid for %1","Nieprawidłowy model akcji dla %1"
"Changed by Admin","Zmieniono przez administratora"
"Get commission for order %1","Prowizja za zamówienie %1"
"Taken back commission for refunding order %1","Zwrot prowizji za anulowane zamówienie %1"
"Subtract balance for withdraw request","Odjęcie salda za żądanie wypłaty"
"On Hold","Wstrzymane"
"Completed","Zakończone"
"Cancelled","Anulowane"
"Commission","Prowizja"
"Paid","Wypłacone"
"Admin","Administrator"
"The amount request is not enough to pay for fee.","Żądana kwota jest za niska, aby pokryć opłatę."
"Cannot create transaction for this withdraw.","Nie można utworzyć transakcji dla tej wypłaty."
"Invalid withdraw data for canceling.","Nieprawidłowe dane wypłaty do anulowania."
"Invalid withdraw data for approved.","Nieprawidłowe dane wypłaty do zatwierdzenia."
"Pending","Oczekujące"
"The Account has been saved.","Konto zostało zapisane."
"Affiliate Welcome homepage content","Treść strony powitalnej dla partnerów"
"Affiliate referfriend description","Opis polecania znajomych"
"Affiliate terms & conditions","Regulamin programu partnerskiego"
"Delete ""%1""","Usuń ""%1"""
"Are you sure?","Czy na pewno?"
"Type (1st Order)","Typ (pierwsze zamówienie)"
"Value (1st Order)","Wartość (pierwsze zamówienie)"
"Type (Next orders)","Typ (kolejne zamówienia)"
"Value (Next orders)","Wartość (kolejne zamówienia)"
"Action","Akcja"
"Add","Dodaj"
"Delete","Usuń"
"No","Nie"
"Yes","Tak"
"Link","Link"
"Preview","Podgląd"
"Copy and past this source code into your website or forum.","Skopiuj i wklej ten kod źródłowy na swojej stronie lub forum."
"No banner available","Brak dostępnych banerów"
"Credit Information","Informacje o saldzie"
"Created Date","Data utworzenia"
"No transaction found!","Nie znaleziono transakcji!"
"Referral Url and Code","Link i kod polecający"
"Refer Url","Link polecający"
"Referrals that access this URL are connected as referrals once they sign up or place an order.","Osoby, które wejdą na ten link, zostaną przypisane jako polecone po rejestracji lub złożeniu zamówienia."
"Refer Code","Kod polecający"
"Referrals should enter the code in Coupon form at shopping cart page.","Osoby polecone powinny wpisać ten kod w polu kuponu na stronie koszyka."
"Refer Email","Adres e-mail polecającego"
"Referrals can enter your e-mail address when signing up affiliate account.","Osoby polecone mogą podać Twój adres e-mail podczas rejestracji konta partnera."
"Referral Via Social Networks","Polecenie przez sieci społecznościowe"
"Send Invitation","Wyślij zaproszenie"
"Enter your friends' emails separated by comma","Wpisz adresy e-mail znajomych, oddzielone przecinkami"
"Add from Address Book","Dodaj z książki adresowej"
"Subject","Temat"
"Your message","Twoja wiadomość"
"Short Message","Krótka wiadomość"
"{{friend_name}} will be replaced by your friend name based on email account. You should not edit it until you know what you are doing.","{{friend_name}} zostanie zastąpione imieniem znajomego na podstawie jego adresu e-mail. Nie edytuj tego pola, jeśli nie wiesz, co robisz."
"Send","Wyślij"
"Affiliate Subscriptions","Subskrypcje partnerskie"
"Receive affiliate email.","Otrzymuj e-maile dotyczące programu partnerskiego."
"Affiliate Information","Informacje o partnerze"
"Customer email or Affiliate code","E-mail klienta lub kod partnera"
"Create an Account","Utwórz konto"
"Request Withdraw","Zleć wypłatę"
"Request Amount","Kwota żądania"
"Select Payment Method","Wybierz metodę płatności"
"Withdraw Policy","Zasady wypłat"
"Send Request","Wyślij żądanie"
"Paypal Email Associate","Powiązany e-mail PayPal"
"Paypal Email Address","Adres e-mail PayPal"
"Withdraw History","Historia wypłat"
"Requested Date","Data żądania"
"Withdraw Method","Metoda wypłaty"
"View","Podgląd"
"Are you sure you want to cancel this withdraw?","Czy na pewno chcesz anulować tę wypłatę?"
"No withdraw found!","Nie znaleziono wypłat!"
"Requested Amount","Żądana kwota"
"Net. Amount","Kwota netto"
"Resolve Date","Data rozpatrzenia"
"Back","Wstecz"
"%1 for first order.","%1 za pierwsze zamówienie."
"%1 of Order Total for first order.","%1 wartości zamówienia za pierwsze zamówienie."
"%1 of Order Profit for first order.","%1 zysku z zamówienia za pierwsze zamówienie."
"%1 for next orders.","%1 za kolejne zamówienia."
"%1 of Order Total for next orders.","%1 wartości zamówienia za kolejne zamówienia."
"%1 of Order Profit for next orders.","%1 zysku z zamówienia za kolejne zamówienia."
"Discount policy","Zasady zniżek"
"Valid Date","Data ważności"
"Always","Zawsze"
"from","od"
"to","do"
"Affiliate account approved","Konto partnera zatwierdzone"
"%name,","%name,"
"Welcome to our Affiliate program.","Witamy w naszym programie partnerskim."
"Your Affiliate account is approved and let begin with Affiliate program's outstanding features.","Twoje konto partnera zostało zatwierdzone — czas poznać najważniejsze funkcje naszego programu partnerskiego."
"Affiliate is the perfect and interesting Magento extension and be seemed to be the business model, where you have the role as collaborators. You can recommend other customers to seller's products, and then make a big shopping public for yourself. This is earning methods on internet although you don't need any product or private website.","Program partnerski to sprawdzony model biznesowy, w którym pełnisz rolę współpracownika sklepu. Polecasz produkty sprzedawcy innym klientom i budujesz w ten sposób grono kupujących. To sposób na zarabianie w internecie, do którego nie potrzebujesz własnego produktu ani własnej strony internetowej."
"Specially, you will receive the typical and wonderful benefits following as:","W szczególności otrzymasz następujące korzyści:"
"Earning commission","Zarabianie na prowizji"
"Coming to Affiliate, simply, you will choose any product from seller's website, and seed link of the product to people needing it. If the presentee buy the item, you will get percentage per order.","Wystarczy, że wybierzesz dowolny produkt ze sklepu i udostępnisz jego link osobom, które mogą być nim zainteresowane. Jeśli taka osoba dokona zakupu, otrzymasz procent od wartości zamówienia."
"Using available template","Gotowe szablony"
"In addition,you are supplied templates such as email, banner, newsletters, etc. by seller's website. You will send invitations to your target customers by these templates, which makes you build the network easily and perfectly.","Dodatkowo sklep udostępnia gotowe szablony e-maili, banerów i newsletterów. Dzięki nim łatwo wyślesz zaproszenia do potencjalnych klientów i szybko zbudujesz własną sieć poleceń."
"Tracking history activities","Śledzenie historii aktywności"
"Affiliate supports you to manage the process of sending invitation, recipient's name, their profit, etc. Therefore, you can follow your work detailedly by themselves.","Program partnerski pozwala śledzić historię wysłanych zaproszeń, dane odbiorców oraz osiągnięty zysk, dzięki czemu masz pełny wgląd w efekty swojej pracy."
"Giving cash when achieving the target","Wypłata gotówki po osiągnięciu celu"
"Affiliate give interesting chances to earning money while you don't need any products or services, you only advertise the product of seller's website by available advertising methods. Until their revenue they earn reach  the offered rates, they will withdraw money from their accounts.","Program partnerski to realna szansa na zarobek bez posiadania własnych produktów czy usług — wystarczy promować ofertę sklepu dostępnymi kanałami. Gdy zgromadzone środki osiągną wymagany próg, możesz wypłacić je ze swojego konta."
"Thank you again, %store_name","Jeszcze raz dziękujemy, %store_name"
"Welcome to our affiliate program","Witamy w naszym programie partnerskim"
"When using our affiliate program, you can use basics features in the following:","Korzystając z naszego programu partnerskiego, masz dostęp do następujących podstawowych funkcji:"
"Let come to Affiliate program to experience attractive opportunities!","Dołącz do programu partnerskiego i skorzystaj z atrakcyjnych możliwości!"
"Your balance has been updated!","Twoje saldo zostało zaktualizowane!"
"We have updated the balance for you so that you can have relevant information of your commission or paid. This email help you control your activities actively.","Zaktualizowaliśmy Twoje saldo, abyś miał bieżące informacje o naliczonej prowizji i wypłatach. Ten e-mail pomaga na bieżąco kontrolować swoje aktywności partnerskie."
"The transaction detail","Szczegóły transakcji"
"Transaction title: %title","Tytuł transakcji: %title"
"Transaction amount: %amount","Kwota transakcji: %amount"
"Transaction status: %status","Status transakcji: %status"
"Current balance: %balance","Aktualne saldo: %balance"
"Withdraw request complete!","Wypłata zrealizowana!"
"We would like to inform you that your withdraw request,which was created at %request_at has been completed. You will receive money after some days depending on the payment method which you choose.","Informujemy, że Twoje żądanie wypłaty złożone %request_at zostało zrealizowane. Środki otrzymasz w ciągu kilku dni, w zależności od wybranej metody płatności."
"The withdraw detail","Szczegóły wypłaty"
"Withdraw Id: %withdraw_id","ID wypłaty: %withdraw_id"
"Transfer Amount: %amount","Kwota przelewu: %amount"
"Request Amount: %amount","Żądana kwota: %amount"
"Tax/fee: %fee","Podatek/opłata: %fee"
"Payment Method: %payment","Metoda płatności: %payment"
"You can check your withdraw by ","Status wypłaty możesz sprawdzić, "
"logging into your account","logując się do swojego konta"
"Affiliate","Program partnerski"
"General","Ogólne"
"Enable","Włącz"
"Cookie Expiration","Wygaśnięcie pliku cookie"
"day(s). The number of days for admin to store cookies of this program. Default: 365, <a href=""http://wiki.magecheckout.com/affiliate/kb/affiliate-tracking/enabling-lifetime-tracking.html"" target=""_blank"">learn more</a>","dni. Liczba dni przechowywania plików cookie tego programu. Domyślnie: 365, <a href=""http://wiki.magecheckout.com/affiliate/kb/affiliate-tracking/enabling-lifetime-tracking.html"" target=""_blank"">dowiedz się więcej</a>"
"Allow overriding cookies","Zezwól na nadpisywanie plików cookie"
"Allow overriding exist affiliate cookie.","Zezwól na nadpisanie istniejącego pliku cookie partnera."
"Show Affiliate link on","Pokaż link partnerski na"
"Default page","Strona domyślna"
"Affiliate homepage content","Treść strony głównej partnera"
"Select CMS Static Block.","Wybierz blok statyczny CMS."
"Display Policy Page","Wyświetl stronę zasad"
"Select CMS Page for Policy Page","Wybierz stronę CMS dla strony zasad"
"Select CMS page","Wybierz stronę CMS"
"Affiliate URL","Adres URL partnera"
"URL Style","Styl adresu URL"
"E.g: <br />Parameter: http://example.com/?<strong>c=123</strong><br />Hash: http://example.com<strong>#c123</strong>","Np.: <br />Parametr: http://example.com/?<strong>c=123</strong><br />Hash: http://example.com<strong>#c123</strong>"
"Custom parameter","Parametr niestandardowy"
"This will be used in URL such as: ?<span style=""font-weight:bold;color:red;"">c</span>=123 <br />Or #<span style=""font-weight:bold;color:red;"">c</span>123","Zostanie użyty w adresie URL, np.: ?<span style=""font-weight:bold;color:red;"">c</span>=123 <br />Lub #<span style=""font-weight:bold;color:red;"">c</span>123"
"Parameter value","Wartość parametru"
"The length of Affiliate code","Długość kodu partnera"
"It should be greater than 3, and smaller than 32. Default is 6.","Powinna być większa niż 3 i mniejsza niż 32. Domyślnie: 6."
"Account Configuration","Konfiguracja konta"
"Affiliate Sign up","Rejestracja partnera"
"Default Affiliate Group","Domyślna grupa partnerska"
"Require admin's approval","Wymagaj zatwierdzenia przez administratora"
"Checked ""Email notification"" by default","Domyślnie zaznaczone ""Powiadomienie e-mail"""
"Term and condition","Regulamin"
"Enable Terms and Conditions","Włącz regulamin"
"Checkbox Text","Tekst przy polu wyboru"
"Terms and Conditions Title","Tytuł regulaminu"
"Terms and Conditions Content","Treść regulaminu"
"Select CMS Block.","Wybierz blok CMS."
"Checkbox is checked by default","Pole wyboru domyślnie zaznaczone"
"Account Balance","Saldo konta"
"Maximum of Affiliate Balance","Maksymalne saldo partnera"
"The maximum balance of Affiliate. The affiliate cannot get commission if balance equal this value. Empty or Zero is no limitation.","Maksymalne saldo partnera. Po osiągnięciu tej wartości partner nie może już naliczać kolejnych prowizji. Puste pole lub zero oznacza brak limitu."
"Allow negative balance","Zezwól na ujemne saldo"
"Commission Configuration","Konfiguracja prowizji"
"Earn commission from tax","Nalicz prowizję od podatku"
"Earn commission from shipping fee","Nalicz prowizję od kosztów wysyłki"
"Commission calculation process","Proces naliczania prowizji"
"Allow Affiliate receiving commission when Invoice created","Zezwól na naliczenie prowizji partnerowi przy utworzeniu faktury"
"Hold commission transactions for","Wstrzymaj transakcje prowizyjne na"
"Deduct commission from Affiliate's balance when order is refunded/canceled","Odejmij prowizję z salda partnera, gdy zamówienie zostanie zwrócone lub anulowane"
"Withdraw Configuration","Konfiguracja wypłat"
"Allow withdraw request","Zezwól na żądanie wypłaty"
"Payment Methods","Metody płatności"
"The minimum balance in affiliate account for requesting withdraw","Minimalne saldo konta partnera wymagane do złożenia żądania wypłaty"
"Minimum withdraw amount","Minimalna kwota wypłaty"
"Include Fee","Uwzględnij opłatę"
"Maximum withdraw amount","Maksymalna kwota wypłaty"
"Email Configuration","Konfiguracja e-maili"
"Email Sender","Nadawca e-maila"
"Account Email","E-mail o koncie"
"Send Welcome Email","Wyślij e-mail powitalny"
"Welcome Email","E-mail powitalny"
"Welcome Email After Account Approved","E-mail powitalny po zatwierdzeniu konta"
"This email will be sent instead of welcome email, after approving account.","Ten e-mail zostanie wysłany zamiast standardowego e-maila powitalnego, po zatwierdzeniu konta."
"Transaction Email","E-mail o transakcji"
"Send Transaction Email","Wyślij e-mail o transakcji"
"Update Balance Email","E-mail o aktualizacji salda"
"Withdraw Email","E-mail o wypłacie"
"Send Withdraw Email","Wyślij e-mail o wypłacie"
"Withdraw Complete Email","E-mail o zrealizowanej wypłacie"
"Refer Friends Configuration","Konfiguracja polecania znajomych"
"Enable Refer Friends Feature","Włącz funkcję polecania znajomych"
"Refer Sharing Email","E-mail udostępniania polecenia"
"Default Refer Url","Domyślny link polecający"
"Select block to show referfriend description","Wybierz blok z opisem polecania znajomych"
"Refer friend homepage content","Treść strony głównej polecania znajomych"
"AddThis.com ID","ID AddThis.com"
"Use Cloudsponge to retrieve email contacts","Użyj Cloudsponge do pobierania kontaktów e-mail"
"Cloudsponge Key","Klucz Cloudsponge"
"Sending Email Content","Treść wysyłanego e-maila"
"Default Email Subject","Domyślny temat wiadomości"
"Default Email Body","Domyślna treść wiadomości"
"Default Message Shared via Social","Domyślna wiadomość udostępniana w social media"
"ID","ID"
"Email","E-mail"
"Phone","Telefon"
"ZIP/Post Code","Kod pocztowy"
"Country","Kraj"
"State/Province","Województwo/Region"
"Signed-up Point","Punkt rejestracji"
"Website","Witryna"
"Created At","Data utworzenia"
"Add New Account","Dodaj nowe konto"
"Delete Accounts","Usuń konta"
"Are you sure you want to delete selected Accounts?","Czy na pewno chcesz usunąć wybrane konta?"
"Total Commission","Łączna prowizja"
"Add New Banner","Dodaj nowy baner"
"Delete Banners","Usuń banery"
"Are you sure you want to delete selected banners?","Czy na pewno chcesz usunąć wybrane banery?"
"URL","Adres URL"
"Campaign","Kampania"
"Created","Utworzono"
"Add New Campaign","Dodaj nową kampanię"
"Delete Campaigns","Usuń kampanie"
"Are you sure you wan't to delete selected Campaigns?","Czy na pewno chcesz usunąć wybrane kampanie?"
"Add New Group","Dodaj nową grupę"
"Delete Groups","Usuń grupy"
"Are you sure you want to delete selected groups?","Czy na pewno chcesz usunąć wybrane grupy?"
"Add New Transaction","Dodaj nową transakcję"
"Complete Transactions","Zakończ transakcje"
"Are you sure you want to complete selected transactions?","Czy na pewno chcesz zakończyć wybrane transakcje?"
"Cancel Transactions","Anuluj transakcje"
"Are you sure you want to cancel selected Transactions?","Czy na pewno chcesz anulować wybrane transakcje?"
"Action Type","Typ akcji"
"Amount Used","Wykorzystana kwota"
"Amount Hold","Kwota wstrzymana"
"Current Balance","Aktualne saldo"
"Store","Sklep"
"Holding Date","Data wstrzymania"
"Add New Withdraw","Dodaj nową wypłatę"
"Approve","Zatwierdź"
"Approve Withdraws","Zatwierdź wypłaty"
"Are you sure you want to approve selected Withdraws?","Czy na pewno chcesz zatwierdzić wybrane wypłaty?"
"Cancel Withdraws","Anuluj wypłaty"
"Are you sure you want to cancel selected Withdraws?","Czy na pewno chcesz anulować wybrane wypłaty?"
"Transaction ID","ID transakcji"
"Transferred","Przelano"
"Account Dashboard","Panel konta"
"Home","Strona główna"
"Signup","Rejestracja"
"Refer Friend","Poleć znajomemu"
"Setting","Ustawienia"
"Enter your Customer email or Affiliate code here", "Wprowadź tutaj adres e-mail lub kod partnera."
"Copy Referral Link", "Skopiuj link polecający"
"Total Withdrawal", "Łącznie odebrane"
"Policy", "Polityka"
"Copied", "Skopiowano"
"Affiliate Links and Banners", "Linki i banery partnerskie"
"Affiliate Campaigns", "Kampanie afiliacyjne"
"Valid time", "Czas ważności"
"No limit", "Bez ograniczeń"
"More details", "Więcej szczegółów"
" discount for for each item in the cart"," zniżki na każdy produkt w koszyku"
"What do you earn?", "Ile zarabiasz?"
"Discount policy for referrals", "Polityka zniżkowa za polecenia"
"Those you send the affiliate referral link and makes their first purchase using that link will earn", "Osoby, którym wyślesz partnerski link polecający i które dokonają pierwszego zakupu za jego pośrednictwem, przyniosą Ci zysk."
"Enter a link from our store: product, category or any pages", "Wprowadź link do naszego sklepu: produktu, kategorii lub dowolnej strony."
"The commission rate for you and discount policy for those you choose to refer will correspond with any available affiliate campaign", "Stawka prowizji dla Ciebie oraz zasady udzielania zniżek osobom, które zdecydujesz się polecić, będą zgodne z warunkami aktualnie dostępnej kampanii afiliacyjnej."
"An auto-generated suffix code for each person you send the referral link to, or you can create a unique one on your own ", "Automatycznie generowany kod przyrostka dla każdej osoby, której wysyłasz link polecający - możesz też utworzyć własny, unikalny kod."
"Your friends's emails", "Adresy e-mail Twoich znajomych"
"Enter your friends email addresses here. You can separate them with commas", "Wpisz tutaj adresy e-mail swoich znajomych. Możesz je oddzielić przecinkami."
"Just your message, no need to put Refer Url here.", "Wystarczy sama wiadomość; nie ma potrzeby podawania tutaj adresu URL źródła."
"Create Referal Link", "Utwórz link polecający"
"Total of %1 email(s) has been sent successfully.", "Pomyślnie wysłano łącznie %1 wiadomości e-mail."
"There is an error occurred while sending email to: %1. Please check and try again later.", "Wystąpił błąd podczas wysyłania wiadomości e-mail do: %1. Sprawdź dane i spróbuj ponownie później."
"Withdraw Description", "Opis wypłaty"
"The table below displays your recent withdrawals. If you want to see full withdrawal details, please check the tab “Balance History”", "Poniższa tabela przedstawia Twoje ostatnie wypłaty. Aby zobaczyć szczegółowe informacje na ich temat, sprawdź zakładkę „Historia salda”."
"The amount request is not enough to withdraw", "Wnioskowana kwota jest niewystarczająca do dokonania wypłaty."
"Bank account number, Bank name.","Numer rachunku bankowego, nazwa banku."
"Customer Ordered", "Klient, który zamówił"
"Commission Logs", "Rejestry zleceń"
"Total sales", "Całkowita sprzedaż"
"Receive Withdraw Completed email","Otrzymuj wiadomości o zrealizowanej wypłacie"
"Receive Withdraw Cancel email","Otrzymuj wiadomości o anulowanej wypłacie"
"Receive Update Balance email","Otrzymuj wiadomości o zmianie salda"
"Receive update balance email","Otrzymuj wiadomości o zmianie salda"
"Receive New Campaign email","Otrzymuj wiadomości o nowych kampaniach"
"Receive Expired Campaign email","Otrzymuj wiadomości o zakończonych kampaniach"
"Manage Accounts", "Zarządzanie kontami"

"---MAGENTO 2 core---", ""
"Page Header Wrapper", "Nagłówek strony (wrapper)"
"After Page Header Top", "Po nagłówku strony (między megamenu a breadcrumbs)"
"After Page Header", "Pod breadcrumbs (pod nagłówkiem strony)"
"Before Page Header", "Przed głównym headerem strony"
"Before Page Footer Full Container", "Przed stopką strony (pełny kontener)"
"CMS Footer Links", "Blok nad linkami stopki CMS"
"Page Bottom", "Dół strony (pod całą stopką)"
"Page Top", "Góra strony (nad całym nagłówkiem)"
"Compare Link Wrapper", "Kontener - link porównania (obok logo)"
"Mini-cart promotion block", "Mini-koszyk (domyślny, nie ajaxowy) - blok promocyjny pod elementami"
"Page Header", "Nagłówek strony (główna część)"
"Page Header Container", "Nagłówek strony (kontener - pod linkami menu)"
"Page Header Panel", "Nagłówek strony (ciemny pasek)"
"Page Header Wrap"Inper", "Nagłówek strony (kontener nad główną częścią)"
"Before Page Footer", "Przed stopką strony (nad newsletterem)"
"Page Footer Container", "Stopka strony (pełny kontener)"
"Alert Urls", "Dodatkowe linki (pod przyciskiem koszyka)"
"Product View Extra Hint", "Widok produktu - pod linkami i social share"
"Product social links container", "Widok produktu - linki porównania i listy życzeń (kontener)"
"Product info auxiliary container", "Widok produktu - dodatkowe informacje (kontener ceny)"
"Product auxiliary info", "Widok produktu - dodatkowe informacje"
"First Main Content Column", "Pierwsza główna kolumna zawartości (pełny kontener)"
